survey,stratum_type,stratum,z_bin,feature,n,q10,median,q90,mad,iqr
DES-SN5YR,depth,DEEP,"[0.05,0.10)",peak_color_r_minus_i,2,-0.5779644445931936,-0.4578833414600669,-0.3378022383269401,0.15010137891640846,0.1501013789164084
DES-SN5YR,depth,SHALLOW,"[0.05,0.10)",peak_color_r_minus_i,4,-0.49619944136867855,-0.42878404065557585,-0.37352027063105225,0.05144286528187489,0.09767333681019197
DES-SN5YR,depth,DEEP,"[0.10,0.15)",peak_color_r_minus_i,2,-0.2859641601599826,-0.28296364315493794,-0.27996312614989327,0.003750646256305834,0.003750646256305834
DES-SN5YR,depth,SHALLOW,"[0.10,0.15)",peak_color_r_minus_i,20,-0.4738980000995888,-0.19227051457975713,0.002381128496472207,0.10235631922342453,0.2175392281022384
DES-SN5YR,depth,DEEP,"[0.15,0.20)",peak_color_r_minus_i,5,-0.37511467737813997,-0.2764981629638572,0.08971174787203991,0.15300331697512787,0.3125297070493668
DES-SN5YR,depth,SHALLOW,"[0.15,0.20)",peak_color_r_minus_i,26,-0.31640507513920735,-0.2449062867400465,-0.06970254666455306,0.04301542146868345,0.09916102587943293
DES-SN5YR,depth,DEEP,"[0.20,0.25)",peak_color_r_minus_i,9,-0.20677896304364562,-0.1005107823215544,0.2801333148559145,0.060324013332323,0.07523706789519699
DES-SN5YR,depth,SHALLOW,"[0.20,0.25)",peak_color_r_minus_i,29,-0.21179288469179688,-0.104913565138444,0.0002492319134078623,0.05511715185816231,0.10673434943542709
DES-SN5YR,depth,DEEP,"[0.25,0.30]",peak_color_r_minus_i,6,-0.03644135783385065,0.0770507120988109,0.20352487549361803,0.07504640103071089,0.12691910830571324
DES-SN5YR,depth,SHALLOW,"[0.25,0.30]",peak_color_r_minus_i,31,-0.1159182477520362,-0.0491776470018522,0.0712683040705089,0.058128957025998,0.13799334201854047
DES-SN5YR,depth,DEEP,"[0.05,0.10)",peak_color_i_minus_z,2,-0.18927869202725692,-0.10567121439370655,-0.02206373676015619,0.10450934704193796,0.10450934704193797
DES-SN5YR,depth,SHALLOW,"[0.05,0.10)",peak_color_i_minus_z,4,-0.20115282551774794,-0.061800836343030546,0.019868589446569315,0.07548844213044659,0.15612534060769487
DES-SN5YR,depth,DEEP,"[0.10,0.15)",peak_color_i_minus_z,2,-0.30368085037910064,-0.2833010524355212,-0.26292125449194165,0.025474747429474337,0.025474747429474365
DES-SN5YR,depth,SHALLOW,"[0.10,0.15)",peak_color_i_minus_z,20,-0.5272140968436551,-0.31163682922240665,-0.05732489170815189,0.14019475992787844,0.28757345264381023
DES-SN5YR,depth,DEEP,"[0.15,0.20)",peak_color_i_minus_z,5,-0.6633777967218305,-0.398996749915356,-0.32102094392385494,0.09320342528841091,0.20663849774953996
DES-SN5YR,depth,SHALLOW,"[0.15,0.20)",peak_color_i_minus_z,26,-0.5300714140289554,-0.43512047925216824,-0.28783655452343326,0.06875622677945556,0.1322638792550045
DES-SN5YR,depth,DEEP,"[0.20,0.25)",peak_color_i_minus_z,9,-0.7196575112399453,-0.5293730728559642,-0.08533712229763453,0.11224773197444327,0.18518289364089768
DES-SN5YR,depth,SHALLOW,"[0.20,0.25)",peak_color_i_minus_z,29,-0.5817290822925906,-0.4802411156380696,-0.3319298158623984,0.06787313616393464,0.129986939239652
DES-SN5YR,depth,DEEP,"[0.25,0.30]",peak_color_i_minus_z,6,-0.5548766732134915,-0.4454284257268316,-0.23306182313444562,0.06764761852658474,0.11426830318687053
DES-SN5YR,depth,SHALLOW,"[0.25,0.30]",peak_color_i_minus_z,31,-0.5385037892602558,-0.4741889748207548,-0.317884137629744,0.06228573557822148,0.13227001272032124
DES-SN5YR,depth,DEEP,"[0.05,0.10)",i_peak_flux,2,3.2154494734958803,3.3048603080016745,3.3942711425074688,0.11176354313224279,0.11176354313224257
DES-SN5YR,depth,SHALLOW,"[0.05,0.10)",i_peak_flux,4,3.2667759000751224,3.4280575647708513,3.511826694165116,0.08144200213910913,0.18474923446227987
DES-SN5YR,depth,DEEP,"[0.10,0.15)",i_peak_flux,2,2.8106195921074657,2.862670751291714,2.9147219104759627,0.06506394898031065,0.06506394898031065
DES-SN5YR,depth,SHALLOW,"[0.10,0.15)",i_peak_flux,20,2.6664957097044866,2.8715875366079313,3.096316385850949,0.12055142376531913,0.23592216117102804
DES-SN5YR,depth,DEEP,"[0.15,0.20)",i_peak_flux,5,2.475792769341335,2.7433058887114563,2.960981916315661,0.16296449168312188,0.2665349404273418
DES-SN5YR,depth,SHALLOW,"[0.15,0.20)",i_peak_flux,26,2.5228663909868656,2.741669821925417,2.8433925360539134,0.07325719427117061,0.10029922946428105
DES-SN5YR,depth,DEEP,"[0.20,0.25)",i_peak_flux,9,2.4757681131193654,2.5402543772072264,2.6356758452656908,0.042744195295960186,0.07855461757103033
DES-SN5YR,depth,SHALLOW,"[0.20,0.25)",i_peak_flux,29,2.4186841146406004,2.5301100022314107,2.658626105995809,0.06930233011059839,0.1330139134232864
DES-SN5YR,depth,DEEP,"[0.25,0.30]",i_peak_flux,6,2.1381895094093877,2.3537316540190947,2.470895637489275,0.08652764310396721,0.13883809468885788
DES-SN5YR,depth,SHALLOW,"[0.25,0.30]",i_peak_flux,31,2.2993765450341,2.4850822707053415,2.5542104304054836,0.06912815970014208,0.16707654341711775
DES-SN5YR,depth,DEEP,"[0.05,0.10)",z_peak_flux,2,3.1727704420498766,3.273023305311767,3.373276168573658,0.1253160790773633,0.12531607907736353
DES-SN5YR,depth,SHALLOW,"[0.05,0.10)",z_peak_flux,4,3.208448811333538,3.365752113461394,3.50229704061467,0.1243769327310369,0.22574758475454137
DES-SN5YR,depth,DEEP,"[0.10,0.15)",z_peak_flux,2,2.728308037796159,2.766470833783605,2.8046336297710504,0.04770349498430737,0.04770349498430759
DES-SN5YR,depth,SHALLOW,"[0.10,0.15)",z_peak_flux,20,2.5290273980459914,2.758423411273549,3.029209193570676,0.1398720245250109,0.25516564779792006
DES-SN5YR,depth,DEEP,"[0.15,0.20)",z_peak_flux,5,2.343268086842449,2.5863622095664285,2.8137049254265776,0.1499864797873136,0.29569145097490734
DES-SN5YR,depth,SHALLOW,"[0.15,0.20)",z_peak_flux,26,2.3679366189887423,2.551846839309491,2.7072536702757297,0.06624105517052925,0.12108905381569146
DES-SN5YR,depth,DEEP,"[0.20,0.25)",z_peak_flux,9,2.31474821992978,2.341038637721123,2.4314599204598863,0.022349361410623825,0.08256195263886612
DES-SN5YR,depth,SHALLOW,"[0.20,0.25)",z_peak_flux,29,2.200617799996438,2.3743266819863056,2.467667293468249,0.06208584588319965,0.12364029005719779
DES-SN5YR,depth,DEEP,"[0.25,0.30]",z_peak_flux,6,2.0180157097210785,2.1833917895645714,2.2773898585007526,0.06343178760342405,0.10365813638602095
DES-SN5YR,depth,SHALLOW,"[0.25,0.30]",z_peak_flux,31,2.1377654258478973,2.252100254766473,2.400917725181537,0.07106932515029252,0.11948635581887679
DES-SN5YR,depth,DEEP,"[0.05,0.10)",r_time_of_peak,2,23.807099999997448,34.9474999999984,46.08789999999936,13.925500000001191,13.92550000000119
DES-SN5YR,depth,SHALLOW,"[0.05,0.10)",r_time_of_peak,4,5.620500000003085,10.087500000001455,45.1053,4.0679999999993015,18.04950000000099
DES-SN5YR,depth,DEEP,"[0.10,0.15)",r_time_of_peak,2,25.3618000000024,38.397000000000844,51.432199999999284,16.29399999999805,16.293999999998054
DES-SN5YR,depth,SHALLOW,"[0.10,0.15)",r_time_of_peak,20,0.0020000000004074,13.512000000002445,52.716599999996106,13.064500000004045,27.10950000000048
DES-SN5YR,depth,DEEP,"[0.15,0.20)",r_time_of_peak,5,9.207799999999406,16.959999999999127,29.95160000000324,5.966000000000349,9.900000000001455
DES-SN5YR,depth,SHALLOW,"[0.15,0.20)",r_time_of_peak,26,8.469999999997526,17.454499999996187,36.88000000000102,2.4765000000006694,4.1344999999946594
DES-SN5YR,depth,DEEP,"[0.20,0.25)",r_time_of_peak,9,3.255800000000454,15.94600000000355,39.115599999998814,7.2129999999961,11.099000000001979
DES-SN5YR,depth,SHALLOW,"[0.20,0.25)",r_time_of_peak,29,9.745799999998416,18.898000000001048,53.136599999998,6.144000000000233,15.002999999996973
DES-SN5YR,depth,DEEP,"[0.25,0.30]",r_time_of_peak,6,11.995999999999183,14.003000000000611,18.101999999998952,2.007000000001428,4.018249999999172
DES-SN5YR,depth,SHALLOW,"[0.25,0.30]",r_time_of_peak,31,5.9909999999945285,15.911999999996624,34.75600000000122,4.05000000000291,8.513999999999214
SDSS-II,field,82N,"[0.05,0.10)",peak_color_r_minus_i,23,-0.40086351725216457,-0.2021416249547519,-0.011480832109647657,0.11969733077712447,0.2244444781091262
SDSS-II,field,82S,"[0.05,0.10)",peak_color_r_minus_i,16,-0.49345317595062765,-0.2757699290757093,0.09830300633770905,0.16452053854093623,0.3165423159992377
SDSS-II,field,82N,"[0.10,0.15)",peak_color_r_minus_i,45,-0.3218319887011007,-0.1981581231341918,0.013633849564777707,0.09323555807499162,0.19273046461048499
SDSS-II,field,82S,"[0.10,0.15)",peak_color_r_minus_i,40,-0.36356791958440215,-0.23817898896121048,-0.06303977441832168,0.0674548103164987,0.13993499732292175
SDSS-II,field,82N,"[0.15,0.20)",peak_color_r_minus_i,50,-0.24615825663830018,-0.0836414469906604,0.0667385851399263,0.0716481648513671,0.14190569184239235
SDSS-II,field,82S,"[0.15,0.20)",peak_color_r_minus_i,32,-0.2662747949886372,-0.1038345027634826,0.08878434217931355,0.07771110637888476,0.1580353506047837
SDSS-II,field,82N,"[0.20,0.25)",peak_color_r_minus_i,30,-0.06040314170524153,0.029427434468021298,0.17617912501820684,0.06212839599486594,0.14917186436765162
SDSS-II,field,82S,"[0.20,0.25)",peak_color_r_minus_i,35,-0.21764007930153512,-0.0288648817850246,0.18930496869854838,0.0703411214384562,0.135459777247656
SDSS-II,field,82N,"[0.25,0.30]",peak_color_r_minus_i,24,-0.11765512648379625,-0.00520728313808385,0.1097542707829014,0.039055903115901694,0.08219544901479693
SDSS-II,field,82S,"[0.25,0.30]",peak_color_r_minus_i,10,-0.07089734865845687,0.0538739608949494,0.12539786053477617,0.06576569292855095,0.14087422615720466
SDSS-II,field,82N,"[0.05,0.10)",peak_color_i_minus_z,23,-0.32176038454418665,-0.20720583542816,-0.021167053456262755,0.08590898018507098,0.19915312677825708
SDSS-II,field,82S,"[0.05,0.10)",peak_color_i_minus_z,16,-0.32652782794099006,-0.16728204378148853,0.08530369193450454,0.08303172557425759,0.15621340773510453
SDSS-II,field,82N,"[0.10,0.15)",peak_color_i_minus_z,45,-0.5077535896315034,-0.3249968719305618,0.01680867241904395,0.11653865805046071,0.249207604422963
SDSS-II,field,82S,"[0.10,0.15)",peak_color_i_minus_z,40,-0.4677942660377251,-0.3099124056519992,0.04708449405169818,0.1054796836123283,0.24414335040220436
SDSS-II,field,82N,"[0.15,0.20)",peak_color_i_minus_z,50,-0.4690243186020001,-0.14144906750914685,0.2904705164571685,0.21442464847306691,0.37797324395995946
SDSS-II,field,82S,"[0.15,0.20)",peak_color_i_minus_z,32,-0.4981135890096296,-0.12222957593914735,0.5076277604883306,0.2609666024917206,0.5176939514048562
SDSS-II,field,82N,"[0.20,0.25)",peak_color_i_minus_z,30,-0.24947026182117898,-0.018156064063163897,0.9138134380678374,0.18905227958044307,0.4766266348568653
SDSS-II,field,82S,"[0.20,0.25)",peak_color_i_minus_z,35,-0.28506914199518735,0.0280019274989239,0.41625314436784305,0.2272988487865436,0.44426780077683403
SDSS-II,field,82N,"[0.25,0.30]",peak_color_i_minus_z,24,0.01629369280989492,0.2896188303832671,1.2120268847987785,0.26726132707117345,0.7195118718587915
SDSS-II,field,82S,"[0.25,0.30]",peak_color_i_minus_z,10,0.031034358227781878,0.2436138674105519,0.5007654859854955,0.1751855827172186,0.29098029899507527
SDSS-II,field,82N,"[0.05,0.10)",i_peak_flux,23,3.057152266349856,3.3209746013178156,3.621775897858285,0.12355619380779714,0.21812716241036734
SDSS-II,field,82S,"[0.05,0.10)",i_peak_flux,16,3.0466749499016545,3.2895857153958206,3.6092984755269026,0.17533473287597712,0.320190569600439
SDSS-II,field,82N,"[0.10,0.15)",i_peak_flux,45,2.815375504886887,2.9607085516885565,3.2288469159105424,0.08757985920389988,0.20913135239576253
SDSS-II,field,82S,"[0.10,0.15)",i_peak_flux,40,2.855051198182469,3.035480112584807,3.1692296972086176,0.07717352196051541,0.15054465104207937
SDSS-II,field,82N,"[0.15,0.20)",i_peak_flux,50,2.621393336960456,2.7847323101061354,2.8938429528376064,0.07001034770085801,0.1393181076810177
SDSS-II,field,82S,"[0.15,0.20)",i_peak_flux,32,2.7278398377698845,2.833934808023165,2.9860968141582704,0.07339551692836377,0.1474892461386177
SDSS-II,field,82N,"[0.20,0.25)",i_peak_flux,30,2.547221217980212,2.6662809702087813,2.752325737741352,0.05264515293948291,0.09938626929331917
SDSS-II,field,82S,"[0.20,0.25)",i_peak_flux,35,2.4682512873905504,2.669484235524375,2.7946533950690795,0.045632914010321546,0.09428597075290357
SDSS-II,field,82N,"[0.25,0.30]",i_peak_flux,24,2.350503913416536,2.474273805445743,2.678850015588744,0.10108484380439586,0.17740232221703245
SDSS-II,field,82S,"[0.25,0.30]",i_peak_flux,10,2.5139683810718525,2.540476035387869,2.6010836802436224,0.02205293828864563,0.044908140342351466
SDSS-II,field,82N,"[0.05,0.10)",z_peak_flux,23,3.026714837068531,3.2306353675214052,3.5580980468205654,0.17206510650852502,0.34112728834163164
SDSS-II,field,82S,"[0.05,0.10)",z_peak_flux,16,2.962667247282374,3.2508949101127627,3.5229132959909233,0.17273080880929625,0.29926563870234224
SDSS-II,field,82N,"[0.10,0.15)",z_peak_flux,45,2.706368804362293,2.8727621006247728,3.0906146689819916,0.10548235228879799,0.20900099117549598
SDSS-II,field,82S,"[0.10,0.15)",z_peak_flux,40,2.737033033353538,2.9489033582972146,3.1049600115525644,0.1031296768658796,0.20254338774124436
SDSS-II,field,82N,"[0.15,0.20)",z_peak_flux,50,2.5981467064641794,2.7287140529220597,2.8882234959969146,0.10038036457942656,0.19192259181705662
SDSS-II,field,82S,"[0.15,0.20)",z_peak_flux,32,2.627472088096135,2.8180459217767546,3.0903404596566637,0.11094169799876963,0.22637114153246918
SDSS-II,field,82N,"[0.20,0.25)",z_peak_flux,30,2.5626076863364675,2.6672759121887797,3.09862721280725,0.08184559854984386,0.15844663085066113
SDSS-II,field,82S,"[0.20,0.25)",z_peak_flux,35,2.5538945691930035,2.6389083868582106,2.8424591501235468,0.05733415647999429,0.1309174878746573
SDSS-II,field,82N,"[0.25,0.30]",z_peak_flux,24,2.511395494037244,2.6279023068524707,2.8659121632089692,0.09485313033109843,0.18377439396803208
SDSS-II,field,82S,"[0.25,0.30]",z_peak_flux,10,2.564887489599927,2.622586577037959,2.737647532862773,0.04426120654372179,0.08112855444750355
SDSS-II,field,82N,"[0.05,0.10)",r_time_of_peak,23,0.3990453999998866,16.923155000004044,54.92023339999724,11.03303199999209,24.98253499999555
SDSS-II,field,82S,"[0.05,0.10)",r_time_of_peak,16,0.0,12.977915999999823,37.47829850000198,11.020119000000705,20.518505999998524
SDSS-II,field,82N,"[0.10,0.15)",r_time_of_peak,45,1.1943224000016937,11.976731000002474,18.592310600001657,3.914012000001094,6.98536399999284
SDSS-II,field,82S,"[0.10,0.15)",r_time_of_peak,40,11.555823800004147,16.442020499998762,28.9137751000002,2.508136500000546,4.967892250002478
SDSS-II,field,82N,"[0.15,0.20)",r_time_of_peak,50,4.893453699996463,12.46533499999714,22.092885700000625,3.997794499999145,10.023725750001176
SDSS-II,field,82S,"[0.15,0.20)",r_time_of_peak,32,3.8399627000027987,16.479161000002932,21.936490999995296,3.0070920000034675,5.494976750000209
SDSS-II,field,82N,"[0.20,0.25)",r_time_of_peak,30,6.931624099997134,14.446305499997834,28.530295800001486,4.521554999995715,11.211034500000096
SDSS-II,field,82S,"[0.20,0.25)",r_time_of_peak,35,3.1851440000027678,15.007666999998037,29.80122039999989,3.02313100000174,5.954837499997666
SDSS-II,field,82N,"[0.25,0.30]",r_time_of_peak,24,1.7968512000014032,12.544671999996353,28.528561600000824,4.486325000001671,8.498922000000675
SDSS-II,field,82S,"[0.25,0.30]",r_time_of_peak,10,9.494207099996128,16.528371500000503,23.03143740000087,4.97873850000542,8.740846500008047
