feature,z_bin,sdss_n,des_n,sdss_q10,sdss_q50,sdss_q90,des_q10,des_q50,des_q90,delta_q10_DES_minus_SDSS,delta_q50_DES_minus_SDSS,delta_q90_DES_minus_SDSS,delta_q50_ci95_low,delta_q50_ci95_high
peak_color_r_minus_i,"[0.05,0.10)",39,6,-0.4302576927455047,-0.2303828357811266,0.06068702421898932,-0.5575616802914019,-0.42878404065557585,-0.3377854380303688,-0.12730398754589717,-0.19840120487444926,-0.3984724622493581,-0.35330976777146494,-0.08115552846849672
peak_color_r_minus_i,"[0.10,0.15)",85,22,-0.33425608146954827,-0.2195730828717154,-0.047023956488498816,-0.4618102926374143,-0.2112692670748328,-0.0009506645424120395,-0.12755421116786603,0.008303815796882608,0.046073291946086774,-0.09389404455189818,0.06773656947548964
peak_color_r_minus_i,"[0.15,0.20)",82,31,-0.2621858157087951,-0.08896886545804719,0.07062776771194873,-0.3241130921313543,-0.2528833765282249,0.0139239539030593,-0.061927276422559185,-0.1639145110701777,-0.05670381380888943,-0.20118986448382722,-0.09537649907318274
peak_color_r_minus_i,"[0.20,0.25)",65,38,-0.14510083858877235,-0.0003030026632773,0.18591054031098647,-0.2122099440065753,-0.1012323197236821,0.02847368394989602,-0.06710910541780296,-0.1009293170604048,-0.15743685636109045,-0.14479402273016284,-0.053843496564122226
peak_color_r_minus_i,"[0.25,0.30]",34,37,-0.11765512648379625,0.00381611250811065,0.1231293028155605,-0.11154213257852089,-0.0420087166656679,0.1160215436863969,0.006112993905275366,-0.045824829173778545,-0.007107759129163602,-0.0823745270012962,0.0349958624745714
peak_color_i_minus_z,"[0.05,0.10)",39,6,-0.33296252217845357,-0.1959694183175098,0.05961975361905679,-0.22266298051787206,-0.061800836343030546,0.0139890987917653,0.11029954166058151,0.13416858197447926,-0.04563065482729149,-0.04688910217500061,0.22428618559012992
peak_color_i_minus_z,"[0.10,0.15)",85,22,-0.48406818630648657,-0.3197369215630695,0.0358188942580481,-0.5189263765960572,-0.30679620607763136,-0.07568842049327311,-0.034858190289570656,0.012940715485438126,-0.11150731475132121,-0.07829636812797464,0.1231718999612368
peak_color_i_minus_z,"[0.15,0.20)",82,31,-0.47007850712458576,-0.14144906750914685,0.41936361636875963,-0.5505008706187597,-0.4202822491805625,-0.288341997581337,-0.08042236349417398,-0.2788331816714157,-0.7077056139500966,-0.41128266878809777,-0.1837096989300924
peak_color_i_minus_z,"[0.20,0.25)",65,38,-0.2667714883225096,-0.0061670289924948,0.5733737937033535,-0.623063141836937,-0.48636893469010395,-0.31808210871448755,-0.35629165351442743,-0.4802019056976091,-0.891455902417841,-0.5972733366412251,-0.3892325729215727
peak_color_i_minus_z,"[0.25,0.30]",34,37,0.015791684576338366,0.2527026129776663,1.071896475938855,-0.5432214931737137,-0.4710221765208184,-0.30195230785380267,-0.5590131777500521,-0.7237247894984846,-1.3738487837926576,-0.9897992827119002,-0.5710173187599813
i_peak_flux,"[0.05,0.10)",39,6,3.0367592710599007,3.3065794096403174,3.629614329007985,3.211581158037739,3.3845286159517745,3.5094995669099602,0.1748218869778384,0.07794920631145708,-0.12011476209802474,-0.11050345646406079,0.2162558149113473
i_peak_flux,"[0.10,0.15)",85,22,2.8356139235473092,2.9978928997100396,3.1923812717020574,2.676654962639455,2.8715875366079313,3.0812298725403,-0.15895896090785433,-0.12630536310210827,-0.11115139916175742,-0.20661448710395236,-0.06551132504319418
i_peak_flux,"[0.15,0.20)",82,31,2.6702444695602736,2.8095340729246514,2.9363150150432182,2.5179740215894455,2.7433058887114563,2.906270380394578,-0.15227044797082812,-0.0662281842131951,-0.030044634648640045,-0.13361919702983815,-0.026373896952360365
i_peak_flux,"[0.20,0.25)",65,38,2.4725070838997967,2.6690843266211157,2.7576094421194455,2.4309810364366653,2.5351821897193183,2.659052805125953,-0.04152604746313138,-0.13390213690179742,-0.09855663699349249,-0.1715776968325063,-0.08531898051368891
i_peak_flux,"[0.25,0.30]",34,37,2.366992312964824,2.5228351099092476,2.6368118964531955,2.276036589163348,2.45504292151631,2.5525907572919166,-0.09095572380147621,-0.06779218839293755,-0.08422113916127882,-0.1627039339545977,-0.0028404677918381083
z_peak_flux,"[0.05,0.10)",39,6,3.0106402100277587,3.2394621587502743,3.5583379324289113,3.164503799758453,3.335067275587542,3.490129046192431,0.15386358973069436,0.0956051168372678,-0.06820888623648047,-0.09225644589498172,0.2809996628495388
z_peak_flux,"[0.10,0.15)",85,22,2.7237414565217,2.899612601257596,3.10536215577531,2.5364194689137247,2.7619709285279903,3.019968121461092,-0.18732198760797525,-0.1376416727296057,-0.0853940343142181,-0.27175945192367923,-0.03662239202599694
z_peak_flux,"[0.15,0.20)",82,31,2.602274997190137,2.7438192465740583,2.9797800073356426,2.346919912728542,2.5557713688066657,2.736348689353742,-0.25535508446159527,-0.18804787776739262,-0.24343131798190054,-0.2639799428324925,-0.14028166046999524
z_peak_flux,"[0.20,0.25)",65,38,2.5588152467444827,2.654484586517945,2.912914042665758,2.237385714703273,2.3635392403035906,2.461185280054341,-0.3214295320412095,-0.2909453462143543,-0.4517287626114168,-0.3340792370332628,-0.2311095112595506
z_peak_flux,"[0.25,0.30]",34,37,2.517349152744325,2.6279023068524707,2.8457639237022705,2.1373855170519493,2.2505663630854498,2.3841474125572537,-0.3799636356923757,-0.37733594376702095,-0.4616165111450168,-0.4262764963508672,-0.3236250025990751
