domain,method,feature,feature_group,rank,score
spcc,gain,i_std_flux,variability,1,136.445556640625
spcc,gain,peak_color_r_minus_i,color,2,71.58209991455078
spcc,gain,peak_color_g_minus_r,color,3,58.51387023925781
spcc,gain,z_std_flux,variability,4,48.733009338378906
spcc,gain,z_peak_flux,brightness,5,47.92529296875
spcc,gain,g_mean_flux,brightness,6,37.580448150634766
spcc,gain,r_std_flux,variability,7,32.916683197021484
spcc,gain,i_peak_flux,brightness,8,32.741722106933594
spcc,gain,r_peak_flux,brightness,9,28.547779083251953
spcc,gain,peak_color_i_minus_z,color,10,28.12010383605957
spcc,gain,z_time_of_peak,temporal,11,27.035106658935547
spcc,gain,r_mean_flux,brightness,12,20.494487762451172
spcc,gain,i_time_of_peak,temporal,13,16.698129653930664
spcc,gain,time_span,temporal,14,15.87149715423584
spcc,gain,r_time_of_peak,temporal,15,12.84113597869873
spcc,gain,i_amplitude,variability,16,10.662866592407227
spcc,permutation,peak_color_r_minus_i,color,1,0.1483870030985714
spcc,permutation,peak_color_g_minus_r,color,2,0.1344863146328026
spcc,permutation,peak_color_i_minus_z,color,3,0.08252950705556863
spcc,permutation,z_peak_flux,brightness,4,0.07530599490077053
spcc,permutation,z_std_flux,variability,5,0.04833119061102888
spcc,permutation,g_mean_flux,brightness,6,0.04689920625428397
spcc,permutation,i_std_flux,variability,7,0.03746067608185803
spcc,permutation,r_mean_flux,brightness,8,0.036322288830837435
spcc,permutation,r_std_flux,variability,9,0.025883078589234287
spcc,permutation,i_peak_flux,brightness,10,0.016165881515936585
spcc,permutation,z_time_of_peak,temporal,11,0.014562189826767958
spcc,permutation,i_time_of_peak,temporal,12,0.013275532496704812
spcc,permutation,time_span,temporal,13,0.00891847399613901
spcc,permutation,r_time_of_peak,temporal,14,0.0077369961993288385
spcc,permutation,i_amplitude,variability,15,0.0017337465824037723
spcc,permutation,r_peak_flux,brightness,16,0.0002836307487367851
spcc,ablation,peak_color_i_minus_z,color,1,0.018777656587059724
spcc,ablation,peak_color_r_minus_i,color,2,0.0148187602029075
spcc,ablation,peak_color_g_minus_r,color,3,0.013200137675006062
spcc,ablation,time_span,temporal,4,0.005268009227033965
spcc,ablation,z_std_flux,variability,5,0.004134172987193469
spcc,ablation,r_std_flux,variability,6,0.003672776080431067
spcc,ablation,i_std_flux,variability,7,0.0034497357660301263
spcc,ablation,i_time_of_peak,temporal,8,0.002116003663029714
spcc,ablation,r_time_of_peak,temporal,9,0.002007429989837828
spcc,ablation,g_mean_flux,brightness,10,0.0014081521932924
spcc,ablation,z_peak_flux,brightness,11,0.0009713170202798604
spcc,ablation,r_mean_flux,brightness,12,0.0005835477791701349
spcc,ablation,i_peak_flux,brightness,13,0.00045690275214524954
spcc,ablation,i_amplitude,variability,14,7.023063944606166e-05
spcc,ablation,r_peak_flux,brightness,15,0.0
spcc,ablation,z_time_of_peak,temporal,16,0.0
noise,gain,i_std_flux,variability,1,139.10488891601562
noise,gain,peak_color_r_minus_i,color,2,70.00772857666016
noise,gain,peak_color_g_minus_r,color,3,56.882083892822266
noise,gain,z_std_flux,variability,4,51.24052047729492
noise,gain,i_peak_flux,brightness,5,45.31735610961914
noise,gain,z_peak_flux,brightness,6,37.483612060546875
noise,gain,g_mean_flux,brightness,7,36.92229461669922
noise,gain,r_std_flux,variability,8,29.414743423461914
noise,gain,z_time_of_peak,temporal,9,27.49177360534668
noise,gain,peak_color_i_minus_z,color,10,27.441980361938477
noise,gain,r_peak_flux,brightness,11,23.33621597290039
noise,gain,r_mean_flux,brightness,12,18.593961715698242
noise,gain,time_span,temporal,13,16.523527145385742
noise,gain,i_time_of_peak,temporal,14,15.862910270690918
noise,gain,r_time_of_peak,temporal,15,11.134700775146484
noise,gain,i_amplitude,variability,16,8.308823585510254
noise,permutation,peak_color_r_minus_i,color,1,0.16281326541978264
noise,permutation,peak_color_g_minus_r,color,2,0.13864227372773696
noise,permutation,peak_color_i_minus_z,color,3,0.08455289856515007
noise,permutation,g_mean_flux,brightness,4,0.051677026700885295
noise,permutation,z_peak_flux,brightness,5,0.04982601357848289
noise,permutation,z_std_flux,variability,6,0.04812489292502693
noise,permutation,i_std_flux,variability,7,0.029326728875409214
noise,permutation,r_mean_flux,brightness,8,0.02840472785034185
noise,permutation,i_peak_flux,brightness,9,0.02527541002337306
noise,permutation,z_time_of_peak,temporal,10,0.018793529228757766
noise,permutation,r_std_flux,variability,11,0.017767066282207478
noise,permutation,i_time_of_peak,temporal,12,0.014476839179445977
noise,permutation,time_span,temporal,13,0.009318543880784725
noise,permutation,r_time_of_peak,temporal,14,0.009258304219690117
noise,permutation,r_peak_flux,brightness,15,0.002686826038609569
noise,permutation,i_amplitude,variability,16,0.0011950106418466833
noise,ablation,peak_color_r_minus_i,color,1,0.028496235228527414
noise,ablation,peak_color_g_minus_r,color,2,0.025741759518502133
noise,ablation,peak_color_i_minus_z,color,3,0.014066544464202224
noise,ablation,g_mean_flux,brightness,4,0.006479781235234816
noise,ablation,z_std_flux,variability,5,0.005446586141233239
noise,ablation,z_peak_flux,brightness,6,0.0025159604549893355
noise,ablation,time_span,temporal,7,0.0024092156293896495
noise,ablation,r_mean_flux,brightness,8,0.001614600802747601
noise,ablation,r_peak_flux,brightness,9,0.0012678208871699291
noise,ablation,i_peak_flux,brightness,10,0.0012322309298355314
noise,ablation,r_time_of_peak,temporal,11,0.0011510527213242582
noise,ablation,i_amplitude,variability,12,0.0009110401911891996
noise,ablation,i_std_flux,variability,13,0.0006968360210338419
noise,ablation,i_time_of_peak,temporal,14,0.0005830337519085071
noise,ablation,z_time_of_peak,temporal,15,0.0005711726943625705
noise,ablation,r_std_flux,variability,16,0.0005484111047620976
no_z,gain,i_std_flux,variability,1,181.7134246826172
no_z,gain,peak_color_r_minus_i,color,2,86.46285247802734
no_z,gain,peak_color_g_minus_r,color,3,78.85380554199219
no_z,gain,i_peak_flux,brightness,4,71.95807647705078
no_z,gain,r_std_flux,variability,5,44.63920974731445
no_z,gain,g_mean_flux,brightness,6,37.937435150146484
no_z,gain,r_mean_flux,brightness,7,27.325971603393555
no_z,gain,i_time_of_peak,temporal,8,27.19997215270996
no_z,gain,r_peak_flux,brightness,9,21.29083251953125
no_z,gain,time_span,temporal,10,15.152864456176758
no_z,gain,r_time_of_peak,temporal,11,13.650014877319336
no_z,gain,i_amplitude,variability,12,9.315398216247559
no_z,gain,peak_color_i_minus_z,color,13,7.571592807769775
no_z,gain,z_peak_flux,brightness,14,7.40540885925293
no_z,gain,z_std_flux,variability,15,6.869220733642578
no_z,gain,z_time_of_peak,temporal,16,6.672628402709961
no_z,permutation,peak_color_r_minus_i,color,1,0.25203404251119954
no_z,permutation,peak_color_g_minus_r,color,2,0.13618766502217217
no_z,permutation,r_mean_flux,brightness,3,0.09687404394074577
no_z,permutation,i_std_flux,variability,4,0.08250448261449213
no_z,permutation,i_peak_flux,brightness,5,0.0774075739465033
no_z,permutation,r_std_flux,variability,6,0.05262353225855985
no_z,permutation,g_mean_flux,brightness,7,0.035179796496197804
no_z,permutation,i_time_of_peak,temporal,8,0.026698029505914246
no_z,permutation,r_time_of_peak,temporal,9,0.019926450596640888
no_z,permutation,i_amplitude,variability,10,0.008457963032053307
no_z,permutation,time_span,temporal,11,0.00696081577442873
no_z,permutation,r_peak_flux,brightness,12,0.005723019133157115
no_z,permutation,z_peak_flux,brightness,13,-0.0002744916582088974
no_z,permutation,z_std_flux,variability,14,-0.00045022284993823103
no_z,permutation,z_time_of_peak,temporal,15,-0.0010309219658467539
no_z,permutation,peak_color_i_minus_z,color,16,-0.0027113403457720065
no_z,ablation,peak_color_r_minus_i,color,1,0.028297028204400436
no_z,ablation,peak_color_g_minus_r,color,2,0.01719709677351434
no_z,ablation,r_mean_flux,brightness,3,0.005785786470943521
no_z,ablation,g_mean_flux,brightness,4,0.00544731574323154
no_z,ablation,i_std_flux,variability,5,0.0030619498454641514
no_z,ablation,i_amplitude,variability,6,0.002044875059114215
no_z,ablation,r_std_flux,variability,7,0.0017017671975240178
no_z,ablation,i_time_of_peak,temporal,8,0.0013616318784344106
no_z,ablation,peak_color_i_minus_z,color,9,0.0011919965942952526
no_z,ablation,r_peak_flux,brightness,10,0.00033911812947662323
no_z,ablation,z_peak_flux,brightness,11,0.0
no_z,ablation,i_peak_flux,brightness,12,0.0
no_z,ablation,z_std_flux,variability,13,0.0
no_z,ablation,time_span,temporal,14,0.0
no_z,ablation,z_time_of_peak,temporal,15,0.0
no_z,ablation,r_time_of_peak,temporal,16,0.0
no_i,gain,z_peak_flux,brightness,1,62.776466369628906
no_i,gain,g_mean_flux,brightness,2,54.72572708129883
no_i,gain,peak_color_g_minus_r,color,3,50.98983383178711
no_i,gain,z_std_flux,variability,4,46.78327178955078
no_i,gain,r_peak_flux,brightness,5,45.142757415771484
no_i,gain,z_time_of_peak,temporal,6,42.41603088378906
no_i,gain,r_std_flux,variability,7,40.26432418823242
no_i,gain,r_mean_flux,brightness,8,24.786344528198242
no_i,gain,time_span,temporal,9,21.980764389038086
no_i,gain,r_time_of_peak,temporal,10,17.815340042114258
no_i,gain,i_time_of_peak,temporal,11,7.30580472946167
no_i,gain,peak_color_r_minus_i,color,12,6.869798183441162
no_i,gain,peak_color_i_minus_z,color,13,6.827236175537109
no_i,gain,i_peak_flux,brightness,14,6.8244218826293945
no_i,gain,i_std_flux,variability,15,6.628737926483154
no_i,gain,i_amplitude,variability,16,6.570220947265625
no_i,permutation,z_peak_flux,brightness,1,0.3056939546263949
no_i,permutation,peak_color_g_minus_r,color,2,0.14580480857357664
no_i,permutation,r_std_flux,variability,3,0.1175199015830513
no_i,permutation,g_mean_flux,brightness,4,0.09969357915100774
no_i,permutation,z_std_flux,variability,5,0.09680857189416577
no_i,permutation,r_mean_flux,brightness,6,0.04556815372152141
no_i,permutation,z_time_of_peak,temporal,7,0.044042977623482193
no_i,permutation,r_peak_flux,brightness,8,0.030179590427395576
no_i,permutation,r_time_of_peak,temporal,9,0.029182918556251235
no_i,permutation,time_span,temporal,10,0.022514446865923476
no_i,permutation,i_time_of_peak,temporal,11,0.0005505870294766124
no_i,permutation,i_amplitude,variability,12,0.0001320749444542857
no_i,permutation,peak_color_r_minus_i,color,13,-0.00040744103502923237
no_i,permutation,peak_color_i_minus_z,color,14,-0.0008281884952523022
no_i,permutation,i_std_flux,variability,15,-0.0009709697151524255
no_i,permutation,i_peak_flux,brightness,16,-0.0009887230635421186
no_i,ablation,z_peak_flux,brightness,1,0.05215503792730059
no_i,ablation,g_mean_flux,brightness,2,0.02699013429190693
no_i,ablation,z_std_flux,variability,3,0.012669388632502753
no_i,ablation,time_span,temporal,4,0.01017642803222662
no_i,ablation,peak_color_g_minus_r,color,5,0.009566468598875976
no_i,ablation,z_time_of_peak,temporal,6,0.006305421730547539
no_i,ablation,r_time_of_peak,temporal,7,0.004795779158834673
no_i,ablation,r_std_flux,variability,8,0.004559540410719621
no_i,ablation,r_peak_flux,brightness,9,0.004218491577036032
no_i,ablation,i_std_flux,variability,10,0.003243476301065029
no_i,ablation,r_mean_flux,brightness,11,0.0015188213977407716
no_i,ablation,i_amplitude,variability,12,0.0005123786772144312
no_i,ablation,i_peak_flux,brightness,13,0.0001799555673344111
no_i,ablation,peak_color_i_minus_z,color,14,0.0001522839487998362
no_i,ablation,peak_color_r_minus_i,color,15,0.0
no_i,ablation,i_time_of_peak,temporal,16,0.0
short_span,gain,i_std_flux,variability,1,136.445556640625
short_span,gain,peak_color_r_minus_i,color,2,71.58209991455078
short_span,gain,peak_color_g_minus_r,color,3,58.51387023925781
short_span,gain,z_std_flux,variability,4,48.733009338378906
short_span,gain,z_peak_flux,brightness,5,47.92529296875
short_span,gain,g_mean_flux,brightness,6,37.580448150634766
short_span,gain,r_std_flux,variability,7,32.916683197021484
short_span,gain,i_peak_flux,brightness,8,32.741722106933594
short_span,gain,r_peak_flux,brightness,9,28.547779083251953
short_span,gain,peak_color_i_minus_z,color,10,28.12010383605957
short_span,gain,z_time_of_peak,temporal,11,27.035106658935547
short_span,gain,r_mean_flux,brightness,12,20.494487762451172
short_span,gain,i_time_of_peak,temporal,13,16.698129653930664
short_span,gain,time_span,temporal,14,15.87149715423584
short_span,gain,r_time_of_peak,temporal,15,12.84113597869873
short_span,gain,i_amplitude,variability,16,10.662866592407227
short_span,permutation,peak_color_r_minus_i,color,1,0.1483870030985714
short_span,permutation,peak_color_g_minus_r,color,2,0.1344863146328026
short_span,permutation,peak_color_i_minus_z,color,3,0.08252950705556863
short_span,permutation,z_peak_flux,brightness,4,0.07530599490077053
short_span,permutation,z_std_flux,variability,5,0.04833119061102888
short_span,permutation,g_mean_flux,brightness,6,0.04689920625428397
short_span,permutation,i_std_flux,variability,7,0.03746067608185803
short_span,permutation,r_mean_flux,brightness,8,0.036322288830837435
short_span,permutation,r_std_flux,variability,9,0.025883078589234287
short_span,permutation,i_peak_flux,brightness,10,0.016165881515936585
short_span,permutation,z_time_of_peak,temporal,11,0.014562189826767958
short_span,permutation,i_time_of_peak,temporal,12,0.013275532496704812
short_span,permutation,time_span,temporal,13,0.00891847399613901
short_span,permutation,r_time_of_peak,temporal,14,0.0077369961993288385
short_span,permutation,i_amplitude,variability,15,0.0017337465824037723
short_span,permutation,r_peak_flux,brightness,16,0.0002836307487367851
short_span,ablation,peak_color_g_minus_r,color,1,0.017343047484878322
short_span,ablation,peak_color_r_minus_i,color,2,0.01568954772568562
short_span,ablation,peak_color_i_minus_z,color,3,0.014041881178025356
short_span,ablation,z_peak_flux,brightness,4,0.008786974171448391
short_span,ablation,r_mean_flux,brightness,5,0.008586880208405662
short_span,ablation,g_mean_flux,brightness,6,0.007633017767297928
short_span,ablation,time_span,temporal,7,0.005268009227033965
short_span,ablation,r_time_of_peak,temporal,8,0.0033762902942177653
short_span,ablation,z_std_flux,variability,9,0.0032286834043162237
short_span,ablation,r_std_flux,variability,10,0.0025041546572974692
short_span,ablation,i_amplitude,variability,11,0.0020585011252467087
short_span,ablation,r_peak_flux,brightness,12,0.0008255392137064277
short_span,ablation,i_peak_flux,brightness,13,0.0006058542488346752
short_span,ablation,z_time_of_peak,temporal,14,0.00034107987273644387
short_span,ablation,i_std_flux,variability,15,0.0003407077330748465
short_span,ablation,i_time_of_peak,temporal,16,0.0
flux_scale,gain,i_std_flux,variability,1,115.47920227050781
flux_scale,gain,peak_color_r_minus_i,color,2,73.0929183959961
flux_scale,gain,z_std_flux,variability,3,62.97608184814453
flux_scale,gain,peak_color_g_minus_r,color,4,56.621219635009766
flux_scale,gain,g_mean_flux,brightness,5,35.464744567871094
flux_scale,gain,r_std_flux,variability,6,33.58915710449219
flux_scale,gain,peak_color_i_minus_z,color,7,27.225954055786133
flux_scale,gain,z_time_of_peak,temporal,8,21.664342880249023
flux_scale,gain,time_span,temporal,9,20.32954978942871
flux_scale,gain,i_amplitude,variability,10,19.50901985168457
flux_scale,gain,z_peak_flux,brightness,11,17.451234817504883
flux_scale,gain,i_time_of_peak,temporal,12,14.484261512756348
flux_scale,gain,r_time_of_peak,temporal,13,13.066397666931152
flux_scale,gain,r_mean_flux,brightness,14,13.041505813598633
flux_scale,gain,r_peak_flux,brightness,15,12.110998153686523
flux_scale,gain,i_peak_flux,brightness,16,10.338299751281738
flux_scale,permutation,peak_color_r_minus_i,color,1,0.180992051766265
flux_scale,permutation,peak_color_g_minus_r,color,2,0.1496844560253279
flux_scale,permutation,z_std_flux,variability,3,0.1031975411628739
flux_scale,permutation,peak_color_i_minus_z,color,4,0.08914614111656012
flux_scale,permutation,i_std_flux,variability,5,0.05548440824982639
flux_scale,permutation,g_mean_flux,brightness,6,0.043618076647216376
flux_scale,permutation,r_mean_flux,brightness,7,0.02902839615978663
flux_scale,permutation,r_std_flux,variability,8,0.026793059972172607
flux_scale,permutation,z_time_of_peak,temporal,9,0.017167297368465916
flux_scale,permutation,i_time_of_peak,temporal,10,0.013667419505433043
flux_scale,permutation,time_span,temporal,11,0.0110258284050738
flux_scale,permutation,r_time_of_peak,temporal,12,0.008984619559655438
flux_scale,permutation,z_peak_flux,brightness,13,0.007506753310760517
flux_scale,permutation,i_amplitude,variability,14,0.0020246574212121615
flux_scale,permutation,i_peak_flux,brightness,15,0.000515519965838318
flux_scale,permutation,r_peak_flux,brightness,16,-0.0007459386918979183
flux_scale,ablation,peak_color_r_minus_i,color,1,0.029465863824399682
flux_scale,ablation,peak_color_g_minus_r,color,2,0.019705467679386766
flux_scale,ablation,peak_color_i_minus_z,color,3,0.012965502652139992
flux_scale,ablation,z_std_flux,variability,4,0.007083060252581097
flux_scale,ablation,g_mean_flux,brightness,5,0.004045076783474899
flux_scale,ablation,r_std_flux,variability,6,0.0036736007275118667
flux_scale,ablation,r_time_of_peak,temporal,7,0.002417754323709981
flux_scale,ablation,i_amplitude,variability,8,0.0011018263628033264
flux_scale,ablation,z_time_of_peak,temporal,9,0.0010758633372327797
flux_scale,ablation,time_span,temporal,10,0.000816728143198786
flux_scale,ablation,z_peak_flux,brightness,11,0.000721522320250395
flux_scale,ablation,i_time_of_peak,temporal,12,0.0007017007039044121
flux_scale,ablation,i_std_flux,variability,13,0.00043499964360905195
flux_scale,ablation,r_mean_flux,brightness,14,0.0002162420527489217
flux_scale,ablation,r_peak_flux,brightness,15,2.5105866709601574e-05
flux_scale,ablation,i_peak_flux,brightness,16,0.0
plasticc_train,gain,time_span,temporal,1,28.121278762817383
plasticc_train,gain,r_time_of_peak,temporal,2,15.905657768249512
plasticc_train,gain,peak_color_g_minus_r,color,3,10.725543022155762
plasticc_train,gain,z_time_of_peak,temporal,4,10.587597846984863
plasticc_train,gain,peak_color_i_minus_z,color,5,10.037980079650879
plasticc_train,gain,z_peak_flux,brightness,6,9.686623573303223
plasticc_train,gain,peak_color_r_minus_i,color,7,9.683405876159668
plasticc_train,gain,r_mean_flux,brightness,8,9.129129409790039
plasticc_train,gain,g_mean_flux,brightness,9,8.869181632995605
plasticc_train,gain,i_time_of_peak,temporal,10,8.516940116882324
plasticc_train,gain,r_std_flux,variability,11,8.494811058044434
plasticc_train,gain,z_std_flux,variability,12,7.8854851722717285
plasticc_train,gain,i_std_flux,variability,13,7.681794166564941
plasticc_train,gain,i_peak_flux,brightness,14,7.530323028564453
plasticc_train,gain,r_peak_flux,brightness,15,6.704318046569824
plasticc_train,gain,i_amplitude,variability,16,6.539338111877441
plasticc_train,permutation,time_span,temporal,1,0.11270843931340249
plasticc_train,permutation,peak_color_g_minus_r,color,2,0.0611638718663496
plasticc_train,permutation,r_mean_flux,brightness,3,0.060933640422577054
plasticc_train,permutation,peak_color_i_minus_z,color,4,0.056348601254376705
plasticc_train,permutation,peak_color_r_minus_i,color,5,0.04667562259863178
plasticc_train,permutation,z_time_of_peak,temporal,6,0.045780159325443395
plasticc_train,permutation,z_peak_flux,brightness,7,0.04386729662260325
plasticc_train,permutation,g_mean_flux,brightness,8,0.03213011188932384
plasticc_train,permutation,r_std_flux,variability,9,0.030638636714297052
plasticc_train,permutation,i_std_flux,variability,10,0.02867074300560053
plasticc_train,permutation,r_time_of_peak,temporal,11,0.018707801125321333
plasticc_train,permutation,z_std_flux,variability,12,0.018408041596602365
plasticc_train,permutation,i_time_of_peak,temporal,13,0.017438183092164584
plasticc_train,permutation,r_peak_flux,brightness,14,0.011925589902254296
plasticc_train,permutation,i_peak_flux,brightness,15,0.008126185086934213
plasticc_train,permutation,i_amplitude,variability,16,0.006931820465812755
plasticc_train,ablation,peak_color_g_minus_r,color,1,0.01964922744072012
plasticc_train,ablation,peak_color_r_minus_i,color,2,0.01932823553350152
plasticc_train,ablation,g_mean_flux,brightness,3,0.017277025214773055
plasticc_train,ablation,peak_color_i_minus_z,color,4,0.01485103319510574
plasticc_train,ablation,r_time_of_peak,temporal,5,0.014362793846935062
plasticc_train,ablation,r_peak_flux,brightness,6,0.013515415212739912
plasticc_train,ablation,z_time_of_peak,temporal,7,0.01329701946745065
plasticc_train,ablation,i_peak_flux,brightness,8,0.013221360528010994
plasticc_train,ablation,z_std_flux,variability,9,0.011520537644266943
plasticc_train,ablation,i_std_flux,variability,10,0.0104403632925536
plasticc_train,ablation,r_std_flux,variability,11,0.010117389015551186
plasticc_train,ablation,i_time_of_peak,temporal,12,0.01005439415171136
plasticc_train,ablation,r_mean_flux,brightness,13,0.008528790793863483
plasticc_train,ablation,z_peak_flux,brightness,14,0.00757296346664571
plasticc_train,ablation,i_amplitude,variability,15,0.005024451569942567
plasticc_train,ablation,time_span,temporal,16,0.00031678641490689996
plasticc,gain,time_span,temporal,1,28.121278762817383
plasticc,gain,r_time_of_peak,temporal,2,15.905657768249512
plasticc,gain,peak_color_g_minus_r,color,3,10.725543022155762
plasticc,gain,z_time_of_peak,temporal,4,10.587597846984863
plasticc,gain,peak_color_i_minus_z,color,5,10.037980079650879
plasticc,gain,z_peak_flux,brightness,6,9.686623573303223
plasticc,gain,peak_color_r_minus_i,color,7,9.683405876159668
plasticc,gain,r_mean_flux,brightness,8,9.129129409790039
plasticc,gain,g_mean_flux,brightness,9,8.869181632995605
plasticc,gain,i_time_of_peak,temporal,10,8.516940116882324
plasticc,gain,r_std_flux,variability,11,8.494811058044434
plasticc,gain,z_std_flux,variability,12,7.8854851722717285
plasticc,gain,i_std_flux,variability,13,7.681794166564941
plasticc,gain,i_peak_flux,brightness,14,7.530323028564453
plasticc,gain,r_peak_flux,brightness,15,6.704318046569824
plasticc,gain,i_amplitude,variability,16,6.539338111877441
plasticc,permutation,time_span,temporal,1,0.11270843931340249
plasticc,permutation,peak_color_g_minus_r,color,2,0.0611638718663496
plasticc,permutation,r_mean_flux,brightness,3,0.060933640422577054
plasticc,permutation,peak_color_i_minus_z,color,4,0.056348601254376705
plasticc,permutation,peak_color_r_minus_i,color,5,0.04667562259863178
plasticc,permutation,z_time_of_peak,temporal,6,0.045780159325443395
plasticc,permutation,z_peak_flux,brightness,7,0.04386729662260325
plasticc,permutation,g_mean_flux,brightness,8,0.03213011188932384
plasticc,permutation,r_std_flux,variability,9,0.030638636714297052
plasticc,permutation,i_std_flux,variability,10,0.02867074300560053
plasticc,permutation,r_time_of_peak,temporal,11,0.018707801125321333
plasticc,permutation,z_std_flux,variability,12,0.018408041596602365
plasticc,permutation,i_time_of_peak,temporal,13,0.017438183092164584
plasticc,permutation,r_peak_flux,brightness,14,0.011925589902254296
plasticc,permutation,i_peak_flux,brightness,15,0.008126185086934213
plasticc,permutation,i_amplitude,variability,16,0.006931820465812755
plasticc,ablation,peak_color_g_minus_r,color,1,0.01964922744072012
plasticc,ablation,peak_color_r_minus_i,color,2,0.01932823553350152
plasticc,ablation,g_mean_flux,brightness,3,0.017277025214773055
plasticc,ablation,peak_color_i_minus_z,color,4,0.01485103319510574
plasticc,ablation,r_time_of_peak,temporal,5,0.014362793846935062
plasticc,ablation,r_peak_flux,brightness,6,0.013515415212739912
plasticc,ablation,z_time_of_peak,temporal,7,0.01329701946745065
plasticc,ablation,i_peak_flux,brightness,8,0.013221360528010994
plasticc,ablation,z_std_flux,variability,9,0.011520537644266943
plasticc,ablation,i_std_flux,variability,10,0.0104403632925536
plasticc,ablation,r_std_flux,variability,11,0.010117389015551186
plasticc,ablation,i_time_of_peak,temporal,12,0.01005439415171136
plasticc,ablation,r_mean_flux,brightness,13,0.008528790793863483
plasticc,ablation,z_peak_flux,brightness,14,0.00757296346664571
plasticc,ablation,i_amplitude,variability,15,0.005024451569942567
plasticc,ablation,time_span,temporal,16,0.00031678641490689996
