subset_name,selection_rule,domain,feature_count,feature_list,f1,pr_auc,roc_auc,delta_f1
top_5,ablation-plus-importance with minimum one feature per physical family when possible,spcc,5,"z_peak_flux, peak_color_i_minus_z, z_std_flux, time_span, peak_color_r_minus_i",0.7467988434531184,0.7854913546020044,0.9366583713254548,-0.09743108194688155
top_5,ablation-plus-importance with minimum one feature per physical family when possible,noise,5,"z_peak_flux, peak_color_i_minus_z, z_std_flux, time_span, peak_color_r_minus_i",0.7301331181928196,0.774175306266608,0.9299628161772582,-0.1140968072071804
top_5,ablation-plus-importance with minimum one feature per physical family when possible,no_z,5,"z_peak_flux, peak_color_i_minus_z, z_std_flux, time_span, peak_color_r_minus_i",0.5205348615090736,0.5167601379870529,0.7592507523736033,-0.3236950638909264
top_5,ablation-plus-importance with minimum one feature per physical family when possible,no_i,5,"z_peak_flux, peak_color_i_minus_z, z_std_flux, time_span, peak_color_r_minus_i",0.5981894150417827,0.5035386502173652,0.821492043436401,-0.24604051035821728
top_5,ablation-plus-importance with minimum one feature per physical family when possible,short_span,5,"z_peak_flux, peak_color_i_minus_z, z_std_flux, time_span, peak_color_r_minus_i",0.7467988434531184,0.7854913546020044,0.9366583713254548,-0.09743108194688155
top_5,ablation-plus-importance with minimum one feature per physical family when possible,flux_scale,5,"z_peak_flux, peak_color_i_minus_z, z_std_flux, time_span, peak_color_r_minus_i",0.7292772560228664,0.7645768215176466,0.9277028067275019,-0.11495266937713355
top_5,ablation-plus-importance with minimum one feature per physical family when possible,plasticc_train,5,"z_peak_flux, peak_color_i_minus_z, z_std_flux, time_span, peak_color_r_minus_i",0.6645021645021645,0.6809594677146956,0.8502511633640482,-0.1797277608978355
top_5,ablation-plus-importance with minimum one feature per physical family when possible,plasticc,5,"z_peak_flux, peak_color_i_minus_z, z_std_flux, time_span, peak_color_r_minus_i",0.6645021645021645,0.6809594677146956,0.8502511633640482,-0.1797277608978355
top_8,ablation-plus-importance with minimum one feature per physical family when possible,spcc,8,"z_peak_flux, peak_color_i_minus_z, z_std_flux, time_span, peak_color_r_minus_i, r_time_of_peak, i_time_of_peak, r_mean_flux",0.7746058798466127,0.8257562130420771,0.9481628093694364,-0.0696240455533873
top_8,ablation-plus-importance with minimum one feature per physical family when possible,noise,8,"z_peak_flux, peak_color_i_minus_z, z_std_flux, time_span, peak_color_r_minus_i, r_time_of_peak, i_time_of_peak, r_mean_flux",0.7496896979726932,0.8227829148890892,0.9430213425211862,-0.09454022742730672
top_8,ablation-plus-importance with minimum one feature per physical family when possible,no_z,8,"z_peak_flux, peak_color_i_minus_z, z_std_flux, time_span, peak_color_r_minus_i, r_time_of_peak, i_time_of_peak, r_mean_flux",0.7061128526645768,0.7143280611514713,0.9143779009362004,-0.13811707273542317
top_8,ablation-plus-importance with minimum one feature per physical family when possible,no_i,8,"z_peak_flux, peak_color_i_minus_z, z_std_flux, time_span, peak_color_r_minus_i, r_time_of_peak, i_time_of_peak, r_mean_flux",0.6892829606784888,0.6658016057943288,0.8999621822378934,-0.15494696472151115
top_8,ablation-plus-importance with minimum one feature per physical family when possible,short_span,8,"z_peak_flux, peak_color_i_minus_z, z_std_flux, time_span, peak_color_r_minus_i, r_time_of_peak, i_time_of_peak, r_mean_flux",0.7707893626002533,0.8255152596500549,0.9474145735477402,-0.07344056279974664
top_8,ablation-plus-importance with minimum one feature per physical family when possible,flux_scale,8,"z_peak_flux, peak_color_i_minus_z, z_std_flux, time_span, peak_color_r_minus_i, r_time_of_peak, i_time_of_peak, r_mean_flux",0.76010101010101,0.8009643832215203,0.9396336704870621,-0.08412891529898991
top_8,ablation-plus-importance with minimum one feature per physical family when possible,plasticc_train,8,"z_peak_flux, peak_color_i_minus_z, z_std_flux, time_span, peak_color_r_minus_i, r_time_of_peak, i_time_of_peak, r_mean_flux",0.6832579185520362,0.7130578039730351,0.8654134179789824,-0.16097200684796376
top_8,ablation-plus-importance with minimum one feature per physical family when possible,plasticc,8,"z_peak_flux, peak_color_i_minus_z, z_std_flux, time_span, peak_color_r_minus_i, r_time_of_peak, i_time_of_peak, r_mean_flux",0.6832579185520362,0.7130578039730351,0.8654134179789824,-0.16097200684796376
top_10,ablation-plus-importance with minimum one feature per physical family when possible,spcc,10,"z_peak_flux, peak_color_i_minus_z, z_std_flux, time_span, peak_color_r_minus_i, r_time_of_peak, i_time_of_peak, r_mean_flux, peak_color_g_minus_r, z_time_of_peak",0.8245149911816577,0.9004132697649894,0.9697345480402686,-0.01971493421834225
top_10,ablation-plus-importance with minimum one feature per physical family when possible,noise,10,"z_peak_flux, peak_color_i_minus_z, z_std_flux, time_span, peak_color_r_minus_i, r_time_of_peak, i_time_of_peak, r_mean_flux, peak_color_g_minus_r, z_time_of_peak",0.812089356110381,0.8930198915147189,0.965601763038462,-0.03214056928961895
top_10,ablation-plus-importance with minimum one feature per physical family when possible,no_z,10,"z_peak_flux, peak_color_i_minus_z, z_std_flux, time_span, peak_color_r_minus_i, r_time_of_peak, i_time_of_peak, r_mean_flux, peak_color_g_minus_r, z_time_of_peak",0.7859531772575251,0.8329431195819619,0.9505071358775642,-0.058276748142474855
top_10,ablation-plus-importance with minimum one feature per physical family when possible,no_i,10,"z_peak_flux, peak_color_i_minus_z, z_std_flux, time_span, peak_color_r_minus_i, r_time_of_peak, i_time_of_peak, r_mean_flux, peak_color_g_minus_r, z_time_of_peak",0.7590870667793745,0.8180720849947407,0.940891868369205,-0.08514285862062543
top_10,ablation-plus-importance with minimum one feature per physical family when possible,short_span,10,"z_peak_flux, peak_color_i_minus_z, z_std_flux, time_span, peak_color_r_minus_i, r_time_of_peak, i_time_of_peak, r_mean_flux, peak_color_g_minus_r, z_time_of_peak",0.8250330542089026,0.8992545208077893,0.9686684056799718,-0.019196871191097364
top_10,ablation-plus-importance with minimum one feature per physical family when possible,flux_scale,10,"z_peak_flux, peak_color_i_minus_z, z_std_flux, time_span, peak_color_r_minus_i, r_time_of_peak, i_time_of_peak, r_mean_flux, peak_color_g_minus_r, z_time_of_peak",0.8092941692240245,0.8868390767174714,0.9638548385031661,-0.03493575617597544
top_10,ablation-plus-importance with minimum one feature per physical family when possible,plasticc_train,10,"z_peak_flux, peak_color_i_minus_z, z_std_flux, time_span, peak_color_r_minus_i, r_time_of_peak, i_time_of_peak, r_mean_flux, peak_color_g_minus_r, z_time_of_peak",0.7085308056872037,0.7433592688780499,0.8846990662270023,-0.13569911971279625
top_10,ablation-plus-importance with minimum one feature per physical family when possible,plasticc,10,"z_peak_flux, peak_color_i_minus_z, z_std_flux, time_span, peak_color_r_minus_i, r_time_of_peak, i_time_of_peak, r_mean_flux, peak_color_g_minus_r, z_time_of_peak",0.7085308056872037,0.7433592688780499,0.8846990662270023,-0.13569911971279625
compact,frozen Tier-3 compact baseline,spcc,16,"z_peak_flux, r_mean_flux, peak_color_g_minus_r, i_peak_flux, peak_color_r_minus_i, peak_color_i_minus_z, g_mean_flux, r_peak_flux, z_std_flux, i_amplitude, i_std_flux, time_span, z_time_of_peak, i_time_of_peak, r_time_of_peak, r_std_flux",0.8407473309608541,0.9119884460385523,0.9737442925939331,-0.003482594439145892
compact,frozen Tier-3 compact baseline,noise,16,"z_peak_flux, r_mean_flux, peak_color_g_minus_r, i_peak_flux, peak_color_r_minus_i, peak_color_i_minus_z, g_mean_flux, r_peak_flux, z_std_flux, i_amplitude, i_std_flux, time_span, z_time_of_peak, i_time_of_peak, r_time_of_peak, r_std_flux",0.8261253309796998,0.9041435703183092,0.9704749767269305,-0.018104594420300213
compact,frozen Tier-3 compact baseline,no_z,16,"z_peak_flux, r_mean_flux, peak_color_g_minus_r, i_peak_flux, peak_color_r_minus_i, peak_color_i_minus_z, g_mean_flux, r_peak_flux, z_std_flux, i_amplitude, i_std_flux, time_span, z_time_of_peak, i_time_of_peak, r_time_of_peak, r_std_flux",0.8022118247554232,0.8555518764975616,0.95829209864846,-0.042018100644576784
compact,frozen Tier-3 compact baseline,no_i,16,"z_peak_flux, r_mean_flux, peak_color_g_minus_r, i_peak_flux, peak_color_r_minus_i, peak_color_i_minus_z, g_mean_flux, r_peak_flux, z_std_flux, i_amplitude, i_std_flux, time_span, z_time_of_peak, i_time_of_peak, r_time_of_peak, r_std_flux",0.7960917587085812,0.862274644151704,0.9574052081085529,-0.04813816669141879
compact,frozen Tier-3 compact baseline,short_span,16,"z_peak_flux, r_mean_flux, peak_color_g_minus_r, i_peak_flux, peak_color_r_minus_i, peak_color_i_minus_z, g_mean_flux, r_peak_flux, z_std_flux, i_amplitude, i_std_flux, time_span, z_time_of_peak, i_time_of_peak, r_time_of_peak, r_std_flux",0.8372715113687027,0.9107946309324836,0.9732318322502755,-0.006958414031297266
compact,frozen Tier-3 compact baseline,flux_scale,16,"z_peak_flux, r_mean_flux, peak_color_g_minus_r, i_peak_flux, peak_color_r_minus_i, peak_color_i_minus_z, g_mean_flux, r_peak_flux, z_std_flux, i_amplitude, i_std_flux, time_span, z_time_of_peak, i_time_of_peak, r_time_of_peak, r_std_flux",0.8275555555555555,0.9003442864498414,0.9696939509380897,-0.01667436984444448
compact,frozen Tier-3 compact baseline,plasticc_train,16,"z_peak_flux, r_mean_flux, peak_color_g_minus_r, i_peak_flux, peak_color_r_minus_i, peak_color_i_minus_z, g_mean_flux, r_peak_flux, z_std_flux, i_amplitude, i_std_flux, time_span, z_time_of_peak, i_time_of_peak, r_time_of_peak, r_std_flux",0.7281437125748502,0.7674303247179611,0.8945668587629819,-0.11608621282514975
compact,frozen Tier-3 compact baseline,plasticc,16,"z_peak_flux, r_mean_flux, peak_color_g_minus_r, i_peak_flux, peak_color_r_minus_i, peak_color_i_minus_z, g_mean_flux, r_peak_flux, z_std_flux, i_amplitude, i_std_flux, time_span, z_time_of_peak, i_time_of_peak, r_time_of_peak, r_std_flux",0.7281437125748502,0.7674303247179611,0.8945668587629819,-0.11608621282514975
