component,role,source_or_local_file,size_bytes,checksum,version_or_metadata,evidence,confidence,notes
SDSS official archive,release container,https://portal.nersc.gov/project/dessn/SDSS/dataRelease/SDSS_dataRelease-snana.tar.gz,49007071,sha256:b0861ce0d8bd5ab138bc2e9f41dd5321912d76cb43c718789a7bc637d56e3dbd,"Last-Modified 2016-04-04; ETag 2ebc9df-52fad22e78840",Official NERSC release page link,VERIFIED,Recovered on case-sensitive APFS
SDSS release data README,direct release-to-KCOR link,SDSS_dataRelease-snana/README01.DATA,,sha256:78224a5c8fbfa0f530cfd0a21cee35dca54870cc4cd8da8fad0393368a5791f0,Last update November 2013,"Lines 39-47 name SDSS_Doi2010 and kcor_SDSS_Bessell90_BD17.fits",VERIFIED,Gate-critical evidence
SDSS filter README,direct release-to-response link,SDSS_dataRelease-snana/README02.FILTERS-ugrizUGRIZ,,sha256:232a6a4596e25a9aed188c3a57f5e46f67bc066c9b685f51d2b1492b26539c11,Release archive,"Lines 3-12 name ugrizUGRIZ and filters/SDSS_Doi2010",VERIFIED,Explains upper/lower bands and CCD-specific alternatives
SDSS nested data archive,released SMP container,SDSS_dataRelease-snana/SDSS_allCandidates+BOSS.tar.gz,,sha256:033992473b0dace08233bf9b4ef395a2267148f64ee021cc725a475d70d34d42,Official release archive,Nested release payload,VERIFIED,
SDSS HEAD,released object table,SDSS_allCandidates+BOSS_HEAD.FITS,2378880,sha256:488ed81fb93b7e783e34cf48ed66252d39556c56617b4ec32ab06e56ef0ca0ea,10258 rows,Byte-identical to local installed copy after decompression,VERIFIED,
SDSS PHOT,released epoch table,SDSS_allCandidates+BOSS_PHOT.FITS,114307200,sha256:3c88f726182690df24858de35793a5e1c70155a7a4835ec762dd57a301c96152,1120566 rows,Byte-identical to local installed copy after decompression,VERIFIED,
SDSS embedded release README,reprocessing provenance,SDSS_allCandidates+BOSS.README,14875,sha256:653e5ca44de6f29265923bf24b1ade3d9ec7b6586a7c49f278163ea59b2b426a,Official nested archive,"Names Holtz/v6_reCalib 2005-2007 and SDSS_get_SMP conversion commands",VERIFIED,Installed README is later expanded version
SDSS nominal fit input,analysis configuration,SDSS_snfit4par_SALT2.nml,,sha256:827ae8fff3b87d7737be9183334d5d1b287e07c6db9f3158981276edfd4962a3,Official release archive,"Line 11 names SDSS_Doi2010/kcor_SDSS_Bessell90_BD17.fits",VERIFIED,
SDSS simulation input,simulation configuration,SDSS_SIMGEN_S11DM15.INPUT,,sha256:9f75962acd7bce9eb7a2b46db8c130777efd5c38ba474aef46041917fb6d19c5,Official release archive,"Line 16 names SDSS_Doi2010/kcor_SDSS_Bessell90_BD17.fits",VERIFIED,
SDSS KCOR,current calibration artifact,SNDATA_ROOT_2024-07-03/kcor/SDSS/SDSS_Doi2010/kcor_SDSS_Bessell90_BD17.fits.gz,6199253,sha256:7febdd9faa7d6032a3a264446773a1032d8cb71160240d8d8f8c4709a47355eb,KCOR internal version 4,"Named by release; embeds kcor_SDSS.input and FilterTrans",VERIFIED,
SDSS KCOR original,preserved earlier calibration artifact,SNDATA_ROOT_2024-07-03/kcor/SDSS/SDSS_Doi2010/kcor_SDSS_Bessell90_BD17.fits_ORIG.gz,,sha256:0656632cf757e2df33ac224f532057c351f07c47d7144d796a688bf90206e48a,Preserved original,"All embedded FilterTrans columns numerically identical to current artifact",VERIFIED,Not byte-identical to current artifact
SDSS KCOR generating input,build recipe,SNDATA_ROOT_2024-07-03/kcor/SDSS/SDSS_Doi2010/kcor_SDSS.input,,sha256:51a2c555ae1359a9f76442a8776e0e834d9d7dec83953ec90019888c9c0a6d55,Nominal,"AB/count; Doi2010/CCDAVG; Hsiao07; BD17; 2100-11300 A",VERIFIED,
SDSS Doi response documentation,response provenance,SNDATA_ROOT_2024-07-03/filters/SDSS/SDSS_Doi2010/CCDAVG/DOCUMENTATION.README,,sha256:5fa696c9815aa6bd98b5f96147216fcbfb0bb2161ed5ba1ab77a91a581543646,Nominal,"Cites Doi 2010; averaged over Stripe 82 and focal plane; atmosphere airmass 1.3",STRONG,Atmosphere model name unresolved in metadata
SDSS Doi response README,AB offsets and generation history,SNDATA_ROOT_2024-07-03/filters/SDSS/SDSS_Doi2010/README,,sha256:b0e074d6fb658b9e374c6b34d621098d31f806a0b31be0cdf38ccb521909e4ef,December 2012,"Lists final ugriz offsets and filter build script provenance",VERIFIED,
SDSS CCDAVG U.dat,surviving case-collided response file,SNDATA_ROOT_2024-07-03/filters/SDSS/SDSS_Doi2010/CCDAVG/U.dat,,sha256:f90864aee587f78db55022acccde3f39ad7d97b2fc0e0e9d3b0bc92f7ad8b7e4,2024 extraction,Numerically matches embedded SDSS-u and SDSS-U,VERIFIED,Original lowercase u.dat byte checksum unavailable
SDSS CCDAVG G.dat,surviving case-collided response file,SNDATA_ROOT_2024-07-03/filters/SDSS/SDSS_Doi2010/CCDAVG/G.dat,,sha256:10bbd59b1b747c7e6b265a33bed24756b431bf3edd60fcfe41e4398aab3983eb,2024 extraction,Numerically matches embedded SDSS-g and SDSS-G,VERIFIED,Original lowercase g.dat byte checksum unavailable
SDSS CCDAVG r.dat,surviving case-collided response file,SNDATA_ROOT_2024-07-03/filters/SDSS/SDSS_Doi2010/CCDAVG/r.dat,,sha256:11c78b2cbc316ed121cfb99671ec26c14bbf83dacedf0e3a4a8a8b35e578e1c2,2024 extraction,Numerically matches embedded SDSS-r and SDSS-R,VERIFIED,Original uppercase R.dat byte checksum unavailable
SDSS CCDAVG I.dat,surviving case-collided response file,SNDATA_ROOT_2024-07-03/filters/SDSS/SDSS_Doi2010/CCDAVG/I.dat,,sha256:d82051349de854853f72a9fe3bc0205c6bdd2858bb753d06fb7e95ead842f523,2024 extraction,Numerically matches embedded SDSS-i and SDSS-I,VERIFIED,Original lowercase i.dat byte checksum unavailable
SDSS CCDAVG z.dat,surviving case-collided response file,SNDATA_ROOT_2024-07-03/filters/SDSS/SDSS_Doi2010/CCDAVG/z.dat,,sha256:2baf3b5ca9c0dda5187230c7b5ca7a98c8f44f504e9a10dd74b197f32d445633,2024 extraction,Numerically matches embedded SDSS-z and SDSS-Z,VERIFIED,Original uppercase Z.dat byte checksum unavailable
DES immutable archive,release container,https://zenodo.org/records/12720778/files/DES-SN5YR-1.2.zip,1534568826,md5:9019a6ddc569553bc323e9e1b68a55bf,"DOI 10.5281/zenodo.12720778; published 2024-07-11",Zenodo immutable record,VERIFIED,Central directory inspected by HTTP range
DES release README,correction-state authority,DES-SN5YR-1.2/0_DATA/DES-SN5YR_DES/DES-SN5YR_DES.README,2387,sha256:75cd01a0786cbe983b71b154565c8158fcb97e4b7113633457b77350eb845544,ZIP CRC32 7417c19d,"States chromatic+DCR and host-SB error corrections applied",VERIFIED,
DES HEAD,released object table,DES-SN5YR_DES_HEAD.FITS.gz,2929622,sha256:08c1fb41dfe8b4e8a969f205144f94c9f6838a1a895a0fedc75b837fb87fd00a,ZIP CRC32 4c4b8b65,Local copy matches immutable ZIP member by size and CRC32,VERIFIED,
DES PHOT,released epoch table,DES-SN5YR_DES_PHOT.FITS.gz,66106516,sha256:10248f0364e90f88626ef19cf5ecf052500bbcbfd27f14f8b94cf8ffbc7dd01c,ZIP CRC32 a401d06e,Local copy matches immutable ZIP member by size and CRC32,VERIFIED,
DES fit configuration,release-to-calibration link,DES-SN5YR-1.2/7_PIPPIN_FILES/base_files/lcfit/lcfit_desSMP_5yr.nml,2798,sha256:4050bd70b573ce0b9a35a4950eb2f980f6d6022b164512fa60ab81262a36ac36,ZIP CRC32 c2d4eacb,"Names calib_DES-SN5YR_DES.fits; notes corrections now in data release",VERIFIED,
DES calibration input,build recipe,SNDATA_ROOT_2024-07-03/kcor/DES/DES-SN5YR/calib_DES-SN5YR_DES.input,,sha256:0917ddc66647ff613421a38c5df9a67d2113a7983e28889206c85c29b5c9e1ee,Version 2023-10,"AB/count; names DECam griz responses and CALSPEC/Supercal offsets",VERIFIED,
DES calibration grid,analysis calibration artifact,SNDATA_ROOT_2024-07-03/kcor/DES/DES-SN5YR/calib_DES-SN5YR_DES.fits.gz,,sha256:4412a60ca41eb2cd8b32c038b352a551949a386cdc48acc0b059899bf46496c8,Version 2023-10,"Exact path named by immutable fit config",STRONG,External SNDATA artifact not bundled with DES ZIP
DES g response,total-system response,SNDATA_ROOT_2024-07-03/filters/DES/DES-SN3YR_DECam/DECam_g.dat,,sha256:671d50b64e3efdf6b848f59e1625d63c20998b64c10ada8ddead5ca4fe0394f4,Y3A2 nominal,Named by DES-SN5YR calibration input,VERIFIED,Includes atmosphere at airmass 1.3
DES r response,total-system response,SNDATA_ROOT_2024-07-03/filters/DES/DES-SN3YR_DECam/DECam_r.dat,,sha256:3dec154b19040b6fc8a3a08c94d213866114e062be93816e9a73ec0a301c3a21,Y3A2 nominal,Named by DES-SN5YR calibration input,VERIFIED,Includes atmosphere at airmass 1.3
DES i response,total-system response,SNDATA_ROOT_2024-07-03/filters/DES/DES-SN3YR_DECam/DECam_i.dat,,sha256:e0fe7030e997ff51bc1933478dcc6619cbe06d3f07ee78ece0c84c9524f33175,Y3A2 nominal,Named by DES-SN5YR calibration input,VERIFIED,Includes atmosphere at airmass 1.3
DES z response,total-system response,SNDATA_ROOT_2024-07-03/filters/DES/DES-SN3YR_DECam/DECam_z.dat,,sha256:078ebb6ea401ae22d55bcd35fa6e99eb0e06933dd877c02a5c00618b53dd9064,Y3A2 nominal,Named by DES-SN5YR calibration input,VERIFIED,Includes atmosphere at airmass 1.3
DES DCR+chromatic table,already-applied correction definition,SNDATA_ROOT_2024-07-03/simlib/DES/DES-SN5YR_DES_DCR+CHROM.DAT,,sha256:1044cd913bfe28fed0982cc9a3f01d491bb211238ac51023858695fb30cd53c8,Nominal DES-SN5YR,Named by immutable DES README,VERIFIED,Do not reapply
DES host-SB error table,already-applied uncertainty correction,SNDATA_ROOT_2024-07-03/simlib/DES/DES-SN5YR_DES_FLUXERRMODEL_FAKE.DAT,,sha256:1f1285b56d2d7edfe6ed4d293ee96d71acc05bbe03f6d52ccf8cba5d26538afd,Nominal DES-SN5YR,Named by immutable DES README,VERIFIED,Do not reapply
