survey,redshift,stratum,n_injections,median_error_days,mad_error_days,q10_error_days,q90_error_days,iqr_error_days,median_abs_error_days,q90_abs_error_days
SDSS-II,0.05,ALL,637515,-0.532390000000305,0.966855000006035,-2.4813349999967613,1.4963800000041374,1.7524550000016461,0.9939200000007986,2.994444999996631
DES-SN5YR,0.05,ALL,1146102,-1.0115000000005239,1.959499999997206,-3.4904999999998836,2.277750000001106,3.3417500000068685,1.7565000000031432,3.938000000001921
SDSS-II,0.075,ALL,637515,-0.504320000000007,0.9927199999947334,-1.994140000002517,2.0013475000014296,1.745142499996291,0.9939200000007986,2.994444999996631
DES-SN5YR,0.075,ALL,1146102,-0.21749999999883585,1.7854999999981374,-2.473500000000058,3.5540000000037253,3.7422499999956926,1.7565000000031432,3.937999999994645
SDSS-II,0.1,ALL,637515,-0.4909974999973201,0.9893449999945005,-1.7521100000012666,2.5009674999964773,1.7463449999995646,0.9939200000007986,2.994444999996631
DES-SN5YR,0.1,ALL,1146102,0.49874999999883585,2.0107499999940046,-2.2282500000001164,3.5540000000037253,3.9887500000040745,1.7565000000031432,3.937999999994645
SDSS-II,0.125,ALL,637515,-0.49897999999666354,0.9942399999999907,-2.04064500000095,1.7475399999966612,1.746072500005539,0.9939200000007986,2.994444999996631
DES-SN5YR,0.125,ALL,1146102,-0.974499999996624,1.9464999999981956,-3.0129999999990105,3.492425000000384,3.732749999995576,1.7565000000031432,3.937999999994645
SDSS-II,0.15,ALL,637515,-0.5008650000017951,0.9935299999997369,-2.4819424999994224,1.4963199999983772,1.7596237500001735,0.9939200000007986,2.994444999996631
DES-SN5YR,0.15,ALL,1146102,-1.0164999999979045,1.9572499999994761,-3.4914999999964493,2.2549999999973807,3.351249999999709,1.7565000000031432,3.938000000001921
SDSS-II,0.175,ALL,637515,-0.7202475000012782,0.7789975000050617,-2.497617499997432,1.250974999999744,1.9771900000050664,0.9939200000007986,2.994444999996631
DES-SN5YR,0.175,ALL,1146102,-1.2514999999984866,1.751749999995809,-3.5085000000035507,1.9857499999998254,3.521500000002561,1.7565000000031432,3.938000000001921
SDSS-II,0.2,ALL,637515,-0.765690000000177,0.7251600000017788,-2.4997999999977765,1.249230000001262,1.2430525000017951,1.0226699999984703,2.994444999996631
DES-SN5YR,0.2,ALL,1146102,-1.2850000000034925,1.7114999999976135,-3.518000000003667,1.7817500000019209,3.5125000000043656,1.7565000000031432,3.938000000001921
SDSS-II,0.225,ALL,637515,0.9519450000007055,0.5486299999975017,-1.245999999999185,2.5101015000007463,1.0371575000026496,1.042264999996405,2.994444999996631
DES-SN5YR,0.225,ALL,1146102,1.4462500000008731,1.549250000003667,-1.7617499999978463,3.5540000000037253,3.5107500000085565,1.7565000000031432,3.937999999994645
SDSS-II,0.25,ALL,637515,0.9519450000007055,0.5486299999975017,-1.245999999999185,2.5101015000007463,1.0371575000026496,1.042264999996405,2.994444999996631
DES-SN5YR,0.25,ALL,1146102,1.4462500000008731,1.5500000000029104,-1.7617499999978463,3.5540000000037253,3.5107500000085565,1.7565000000031432,3.937999999994645
SDSS-II,0.275,ALL,637515,0.5065650000033202,0.9907974999950966,-1.245999999999185,2.5101015000007463,1.9834700000064913,0.9939200000007986,2.994444999996631
DES-SN5YR,0.275,ALL,1146102,1.2857500000027358,1.7352499999979045,-1.7617499999978463,3.5540000000037253,3.5107500000085565,1.7565000000031432,3.937999999994645
SDSS-II,0.3,ALL,637515,-0.24549499999557156,1.0058725000053528,-2.502164999998058,1.2482815000024856,2.2326299999986077,0.9939200000007986,2.994444999996631
DES-SN5YR,0.3,ALL,1146102,-1.2655000000013388,1.7849999999962165,-3.5235000000029686,1.7770000000018626,3.5125000000043656,1.7565000000031432,3.938000000001921
