feature,group,exact_frozen_definition,intrinsic_astrophysical_dependencies,passband_dependencies,calibration_dependencies,cadence_dependencies,depth_snr_dependencies,observing_window_dependencies,pipeline_dependencies,likely_confounders,survey_sensitivity,prediction_status,pre_registered_prediction,primary_status,planned_primary_metric,physics_only_operator
z_peak_flux,brightness,"log10(1+max(z-band selected flux,0)); selected group is active z epochs or in-window fallback","luminosity,distance,redshift,SED phase,extinction,subtype","z response and spectral features shifted through it","AB convention,z zeropoint and offsets","probability of sampling maximum","z depth,sky,PSF,S/N threshold,noise extreme","season edge and active-window truncation","SMP host subtraction,quality flags,DCR/chromatic state","redshift,extinction,field depth,spectroscopic selection,phase coverage",HIGHLY SURVEY SENSITIVE,DEFENSIBLE_FUNCTIONAL,"Normal-Ia dense Hsiao analogue: DES peak brighter at low z through about 0.15 and fainter above about 0.175; exact prediction is redshift/phase dependent and sign-changing",PRIMARY,"redshift-conditioned median and 0.1/0.9 quantile residual to synthetic Delta_z; Wasserstein before/after fixed operator","synthetic z-passband operator before log compression plus fixed cadence forward model"
r_mean_flux,brightness,"signed log10(1+abs(mean selected r flux)); sign retained","luminosity,distance,duration,phase distribution,extinction","r response","AB convention,r zeropoint and offsets","number and placement of selected epochs","positive-S/N truncation,depth,noise","active-span length and boundaries","SMP host subtraction,forced-epoch policy,flags","redshift,class duration,field depth,epoch count,selection",MODERATELY SURVEY SENSITIVE,NO_SAFE_DIRECTION,"No marginal direction: longer windows add low-flux phases while positive-S/N selection removes negative and faint measurements",NOT_PRIMARY,"conditioned median/quantiles as diagnostic only","common window and cadence/noise forward operator; no scalar correction"
g_mean_flux,brightness,"signed log10(1+abs(mean selected g flux)); sign retained","luminosity,distance,blue SED evolution,extinction","g response and atmosphere","AB convention,g zeropoint and offsets","number and placement of selected epochs","g depth,sky,PSF,S/N threshold","active-span length and boundaries","SMP host subtraction,chromatic correction,flags","redshift,MWEBV,host extinction,class,field depth",MODERATELY SURVEY SENSITIVE,NO_SAFE_DIRECTION,"No marginal direction because passband, window, S/N truncation, and source colour evolution compete",NOT_PRIMARY,"conditioned median/quantiles as diagnostic only","synthetic passband plus common window; no empirical mean matching"
r_peak_flux,brightness,"log10(1+max(r-band selected flux,0))","luminosity,distance,redshift,SED phase,extinction","r response","AB convention,r zeropoint and offsets","maximum sampling and cadence phase","depth,S/N threshold,noise extreme","boundary truncation","SMP host subtraction,flags","redshift,class,field depth,peak phase",HIGHLY SURVEY SENSITIVE,DEFENSIBLE_FUNCTIONAL,"Normal-Ia passband term is small and sign-changing with redshift/phase; coarser DES cadence lowers the expected sampled maximum for a fixed noiseless light curve",SECONDARY,"redshift-conditioned residual and quantile displacement","synthetic r-passband operator plus fixed-template cadence sampling"
i_peak_flux,brightness,"log10(1+max(i-band selected flux,0))","luminosity,distance,redshift,SED phase,extinction","i response","AB convention,i zeropoint and offsets","maximum sampling and cadence phase","depth,S/N threshold,noise extreme","boundary truncation","SMP host subtraction,flags","redshift,class,field depth,peak phase",HIGHLY SURVEY SENSITIVE,DEFENSIBLE_FUNCTIONAL,"Normal-Ia dense Hsiao analogue predicts DES i peak lower in flux than SDSS for z=0.05-0.275, approaching equality/sign change at z=0.30; phase conditioned",PRIMARY,"redshift-conditioned median and quantile residual to synthetic Delta_i; Wasserstein before/after operator","synthetic i-passband operator before log compression plus cadence forward model"
peak_color_g_minus_r,color_proxy,"clip[-5,5] of -2.5 log10(G3/R3), where each representative is the mean of up to three largest strictly positive selected band fluxes","SED,redshift,extinction,class colour evolution","relative g/r responses","relative g/r offsets and chromatic corrections","asynchronous top-three sampling","band-dependent depth and positivity truncation","active window and boundary sampling","SMP host subtraction,top-three rule,clipping","MWEBV,host extinction,redshift,class,field depth",HIGHLY SURVEY SENSITIVE,DEFENSIBLE_FUNCTIONAL,"Normal-Ia passband term is redshift/phase dependent and sign-changing; no universal sign",SECONDARY,"redshift-conditioned colour residual to fixed synthetic function","synthetic g/r response operator evaluated with frozen top-three analogue"
peak_color_r_minus_i,color_proxy,"clip[-5,5] of -2.5 log10(R3/I3), with independent top-three-positive representatives","SED,redshift,extinction,class colour evolution","relative r/i responses","relative r/i offsets and chromatic corrections","asynchronous band sampling","band-dependent depth and positivity truncation","active window and boundaries","SMP host subtraction,top-three rule,clipping","MWEBV,host extinction,redshift,class,field depth",HIGHLY SURVEY SENSITIVE,DEFENSIBLE_FUNCTIONAL,"Normal-Ia dense Hsiao DES-SDSS term is negative from z=0.05-0.275 and +0.0295 mag at z=0.30; exact function is frozen and phase dependent",PRIMARY,"redshift-conditioned median curve minus frozen synthetic Delta_(r-i); quantile residuals and Wasserstein","synthetic r/i response operator; no simultaneous-colour substitution"
peak_color_i_minus_z,color_proxy,"clip[-5,5] of -2.5 log10(I3/Z3), with independent top-three-positive representatives","SED,redshift,extinction,class colour evolution","relative i/z responses","relative i/z offsets and chromatic corrections","asynchronous band sampling","z sky/depth,band-dependent positivity truncation","active window and boundaries","SMP host subtraction,top-three rule,clipping","MWEBV,host extinction,redshift,class,field depth",HIGHLY SURVEY SENSITIVE,DEFENSIBLE_FUNCTIONAL,"Normal-Ia dense Hsiao DES-SDSS term is positive for z=0.05-0.225 and negative for z=0.25-0.30; approximately +0.217 to -0.185 mag on frozen grid",PRIMARY,"redshift-conditioned median curve and predeclared sign-reversal check; quantile residuals and Wasserstein","synthetic i/z response operator; no simultaneous-colour substitution"
i_std_flux,variability,"log10(1+population standard deviation of selected i fluxes)","intrinsic light-curve evolution,duration,redshift,extinction","i response","i flux scale","epoch placement and count","noise variance,depth,S/N truncation","active-span length","SMP uncertainty and host treatment,flags","class duration,redshift,field depth,outliers",MODERATELY SURVEY SENSITIVE,NO_SAFE_DIRECTION,"No marginal sign: broader phase coverage can increase spread while S/N truncation and reduced measurement noise can decrease it",NOT_PRIMARY,"conditioned median/quantiles and noise-deconvolution diagnostic","fixed cadence/window/noise forward model only"
z_std_flux,variability,"log10(1+population standard deviation of selected z fluxes)","intrinsic light-curve evolution,duration,redshift,extinction","z response","z flux scale","epoch placement and count","z sky,noise variance,depth,S/N truncation","active-span length","SMP uncertainty and host treatment,flags","class duration,redshift,field depth,outliers",MODERATELY SURVEY SENSITIVE,NO_SAFE_DIRECTION,"No marginal sign because z sky/noise, phase coverage, selection, and passband terms compete",NOT_PRIMARY,"conditioned median/quantiles and noise-deconvolution diagnostic","fixed cadence/window/noise forward model only"
r_std_flux,variability,"log10(1+population standard deviation of selected r fluxes)","intrinsic light-curve evolution,duration,redshift,extinction","r response","r flux scale","epoch placement and count","noise variance,depth,S/N truncation","active-span length","SMP uncertainty and host treatment,flags","class duration,redshift,field depth,outliers",MODERATELY SURVEY SENSITIVE,NO_SAFE_DIRECTION,"No marginal sign because source evolution, active span, sample count, and noise compete",NOT_PRIMARY,"conditioned median/quantiles and noise-deconvolution diagnostic","fixed cadence/window/noise forward model only"
i_amplitude,variability,"log10(1+max(selected i flux)-min(selected i flux))","intrinsic rise/decline,duration,redshift,extinction","i response","i flux scale","chance of sampling extrema","depth,S/N threshold,noise extremes","active-span length and boundaries","SMP host subtraction,flags","class duration,redshift,field depth,outliers",MODERATELY SURVEY SENSITIVE,NO_SAFE_DIRECTION,"No marginal sign: deeper tails can enlarge amplitude, but positive-S/N truncation, cadence, and noise-extreme counts compete",NOT_PRIMARY,"conditioned median/quantiles as diagnostic","fixed cadence/window/noise forward model only"
r_time_of_peak,temporal,"sampled r-band maximum time minus first active/fallback time, clipped to [0,time_span]","intrinsic r peak phase,time dilation,class,redshift","r response shifts effective peak phase","none except through measured flux ranking","sampled-maximum error and cadence quantization","first-active threshold and peak S/N","season boundary and active-start anchor","flags,fallback,host residuals","redshift,class,field depth,season boundary",HIGHLY SURVEY SENSITIVE,DEFENSIBLE_SPREAD,"DES weekly cadence predicts broader fixed-template sampled-peak timing error than SDSS four-night cadence; no unconditional median direction",PRIMARY,"template-relative absolute error, MAD/IQR, and conditioned quantile width","fixed-template forward sampling through documented/released schedules"
i_time_of_peak,temporal,"sampled i-band maximum time minus first active/fallback time, clipped to [0,time_span]","intrinsic i peak phase,time dilation,class,redshift","i response shifts effective peak phase","none except through measured flux ranking","sampled-maximum error and cadence quantization","first-active threshold and peak S/N","season boundary and active-start anchor","flags,fallback,host residuals","redshift,class,field depth,season boundary",HIGHLY SURVEY SENSITIVE,DEFENSIBLE_SPREAD,"DES weekly cadence predicts broader fixed-template sampled-peak timing error; deep-field earlier onset may increase the conditional value; no marginal median sign",SECONDARY,"template-relative absolute error and robust spread","fixed-template schedule and depth forward model"
z_time_of_peak,temporal,"sampled z-band maximum time minus first active/fallback time, clipped to [0,time_span]","intrinsic z peak phase,time dilation,class,redshift","z response shifts effective peak phase","none except through measured flux ranking","sampled-maximum error and cadence quantization","z depth/sky and first-active threshold","season boundary and active-start anchor","flags,fallback,host residuals","redshift,class,field depth,season boundary",HIGHLY SURVEY SENSITIVE,DEFENSIBLE_SPREAD,"DES weekly cadence predicts broader fixed-template sampled-peak timing error, with particularly strong z depth/noise ambiguity; no marginal median sign",SECONDARY,"template-relative absolute error and robust spread","fixed-template schedule and depth forward model"
time_span,temporal,"last minus first active time; all retained griz epochs used only when no active observation exists","intrinsic visibility duration,time dilation,luminosity,extinction","all-band throughput through S/N survival","flux scale through S/N survival","first/last qualifying epoch","depth,noise,S/N>=3 threshold","season length,boundaries,forced-photometry availability","flags,fallback,host residuals","redshift,class,field depth,season boundary,spectroscopic selection",HIGHLY SURVEY SENSITIVE,DEFENSIBLE_CONDITIONAL_PARTIALLY_INFORMED,"At fixed class/redshift/extinction DES deep fields should have longer active spans than SDSS; DES shallow versus SDSS has no unconditional sign",SUPPORTING_PARTIALLY_INFORMED,"class/redshift/field-conditioned median and 0.1/0.9 quantiles; survival-style boundary diagnostic","predeclared common window and schedule/depth forward model"
