train_domain,test_domain,feature_count,f1,pr_auc,roc_auc,delta_f1,delta_pr_auc,delta_roc_auc
spcc,spcc,16,0.8407473309608541,0.9119884460385523,0.9737442925939331,-0.003482594439145892,-0.015772434961447646,-0.002844091206066879
spcc,noise,16,0.8262994224788982,0.9058173724694655,0.9707750829976526,-0.017930502921101765,-0.021943508530534506,-0.005813300802347432
spcc,no_z,16,0.6921052631578948,0.6835915525337841,0.9082589807816441,-0.1521246622421052,-0.24416932846621586,-0.06832940301835588
spcc,no_i,16,0.6522222222222221,0.7252585862348478,0.918069426665863,-0.19200770317777782,-0.20250229476515214,-0.05851895713413702
spcc,short_span,16,0.8194207836456558,0.9025776643561251,0.9705674132057377,-0.02480914175434412,-0.025183216643874906,-0.00602097059426232
spcc,flux_scale,16,0.7729468599033816,0.837949199086114,0.9460180332327879,-0.07128306549661834,-0.089811681913886,-0.030570350567212135
spcc,plasticc_train,16,0.5168236877523553,0.5465301070260254,0.7041511294646985,-0.32740623764764465,-0.38123077397397453,-0.2724372543353015
spcc,plasticc,16,0.5168236877523553,0.5465301070260254,0.7041511294646985,-0.32740623764764465,-0.38123077397397453,-0.2724372543353015
spcc_plus_noise,spcc,16,0.8337754199823165,0.9134413706988302,0.9738336062187266,-0.010454505417683446,-0.014319510301169736,-0.0027547775812734043
spcc_plus_noise,noise,16,0.8255506607929514,0.9074644999335392,0.9710349044515971,-0.018679264607048607,-0.02029638106646081,-0.00555347934840289
spcc_plus_noise,no_z,16,0.7084233261339093,0.7018020319036794,0.9149386093743705,-0.13580659926609062,-0.22595884909632058,-0.06164977442562947
spcc_plus_noise,no_i,16,0.665943600867679,0.7370202058023753,0.9141427500289645,-0.17828632453232096,-0.19074067519762472,-0.062445633771035514
spcc_plus_noise,short_span,16,0.8124736620311841,0.9040158331355624,0.971008984763283,-0.031756263368815874,-0.02374504786443754,-0.005579399036717003
spcc_plus_noise,flux_scale,16,0.7845355964167845,0.8482298730389913,0.9506895105519676,-0.05969432898321547,-0.07953100796100865,-0.025898873248032417
spcc_plus_noise,plasticc_train,16,0.5302826379542396,0.537136378281149,0.7022065394927425,-0.3139472874457604,-0.39062450271885096,-0.27438184430725754
spcc_plus_noise,plasticc,16,0.5302826379542396,0.537136378281149,0.7022065394927425,-0.3139472874457604,-0.39062450271885096,-0.27438184430725754
spcc_plus_no_z,spcc,16,0.8321554770318021,0.9066542522370032,0.9723137131702309,-0.012074448368197821,-0.021106628762996738,-0.004274670629769162
spcc_plus_no_z,noise,16,0.8178998670801949,0.9009832535247998,0.9689404062645701,-0.02633005831980506,-0.026777627475200183,-0.007647977535429895
spcc_plus_no_z,no_z,16,0.797971259509721,0.8503212563700656,0.9573667970041837,-0.04625866589027894,-0.07743962462993437,-0.019221586795816314
spcc_plus_no_z,no_i,16,0.5184243964421855,0.6810904914828491,0.8924948137201967,-0.32580552895781445,-0.24667038951715092,-0.08409357007980334
spcc_plus_no_z,short_span,16,0.8179104477611939,0.9006014007890288,0.9697907594125162,-0.026319477638806044,-0.027159480210971143,-0.006797624387483769
spcc_plus_no_z,flux_scale,16,0.7709815078236131,0.8360664175190423,0.9461432596787395,-0.07324841757638689,-0.09169446348095767,-0.030445124121260547
spcc_plus_no_z,plasticc_train,16,0.519280205655527,0.5389385497241881,0.6960984930198157,-0.32494971974447295,-0.3888223312758119,-0.28048989078018427
spcc_plus_no_z,plasticc,16,0.519280205655527,0.5389385497241881,0.6960984930198157,-0.32494971974447295,-0.3888223312758119,-0.28048989078018427
spcc_plus_no_i,spcc,16,0.8273127753303965,0.9080713411827036,0.9725229443891525,-0.01691715006960348,-0.019689539817296375,-0.004065439410847471
spcc_plus_no_i,noise,16,0.8159645232815964,0.8934353753533874,0.9673330733036891,-0.02826540211840356,-0.03432550564661263,-0.009255310496310898
spcc_plus_no_i,no_z,16,0.5865178188063546,0.59263631440848,0.8574170437252651,-0.2577121065936454,-0.33512456659152,-0.11917134007473495
spcc_plus_no_i,no_i,16,0.7935973041280538,0.8539207566229017,0.9551074121252302,-0.05063262127194612,-0.0738401243770983,-0.02148097167476981
spcc_plus_no_i,short_span,16,0.8086003372681281,0.899261907721366,0.9691237177951776,-0.03562958813187189,-0.028498973278633932,-0.007464666004822429
spcc_plus_no_i,flux_scale,16,0.7503663898387885,0.8123051233458096,0.9320276472511546,-0.09386353556121152,-0.11545575765419036,-0.0445607365488454
spcc_plus_no_i,plasticc_train,16,0.5487465181058496,0.5702949310513439,0.7213042004376098,-0.29548340729415035,-0.3574659499486561,-0.2552841833623902
spcc_plus_no_i,plasticc,16,0.5487465181058496,0.5702949310513439,0.7213042004376098,-0.29548340729415035,-0.3574659499486561,-0.2552841833623902
spcc_plus_short_span,spcc,16,0.836102379883251,0.9106600898065417,0.9728096223876155,-0.00812754551674899,-0.01710079119345831,-0.0037787614123845348
spcc_plus_short_span,noise,16,0.8298829882988299,0.9026687943333627,0.9699965554920228,-0.014346937101170076,-0.025092086666637314,-0.006591828307977221
spcc_plus_short_span,no_z,16,0.6716141001855288,0.6799936948755582,0.9068113818035669,-0.17261582521447116,-0.24776718612444182,-0.06977700199643311
spcc_plus_short_span,no_i,16,0.6192419825072886,0.7257623753981429,0.9116956816237841,-0.2249879428927114,-0.20199850560185706,-0.0648927021762159
spcc_plus_short_span,short_span,16,0.8296101620674551,0.910437769919162,0.9726235002883956,-0.014619763332544888,-0.01732311108083795,-0.0039648835116044
spcc_plus_short_span,flux_scale,16,0.7607726597325409,0.8309634338986256,0.941168553234824,-0.08345726566745904,-0.09679744710137439,-0.03541983056517606
spcc_plus_short_span,plasticc_train,16,0.5098039215686275,0.5067980283519895,0.681321458288391,-0.33442600383137244,-0.4209628526480105,-0.29526692551160905
spcc_plus_short_span,plasticc,16,0.5098039215686275,0.5067980283519895,0.681321458288391,-0.33442600383137244,-0.4209628526480105,-0.29526692551160905
spcc_plus_flux_scale,spcc,16,0.8285588364918466,0.9115166175252654,0.9726628482489689,-0.015671088908153386,-0.01624426347473462,-0.003925535551031145
spcc_plus_flux_scale,noise,16,0.8207837956847204,0.9023427301485518,0.9692405125352922,-0.023446129715279596,-0.025418150851448162,-0.007347871264707817
spcc_plus_flux_scale,no_z,16,0.6957279860505667,0.6828289046289164,0.9087577005676412,-0.14850193934943323,-0.24493197637108355,-0.06783068323235886
spcc_plus_flux_scale,no_i,16,0.6347971095052807,0.7148651094550236,0.8984554051762554,-0.2094328158947193,-0.2128957715449764,-0.07813297862374458
spcc_plus_flux_scale,short_span,16,0.8040370058873001,0.8974186813360545,0.968819864099639,-0.040192919512699876,-0.03034219966394547,-0.007768519700360965
spcc_plus_flux_scale,flux_scale,16,0.82688028482421,0.9001459933651983,0.9693950938089732,-0.017349640575789915,-0.027614887634801688,-0.007193289991026863
spcc_plus_flux_scale,plasticc_train,16,0.5293350717079531,0.5354997700377091,0.6995469814169928,-0.31489485369204684,-0.3922611109622909,-0.27704140238300723
spcc_plus_flux_scale,plasticc,16,0.5293350717079531,0.5354997700377091,0.6995469814169928,-0.31489485369204684,-0.3922611109622909,-0.27704140238300723
spcc_plus_plasticc,spcc,16,0.8198275862068966,0.894418129248533,0.9692411371060949,-0.024402339193103417,-0.03334275175146695,-0.007347246693905074
spcc_plus_plasticc,noise,16,0.8065630397236615,0.890550667943258,0.9668749506198709,-0.03766688567633847,-0.03721021305674199,-0.009713433180129072
spcc_plus_plasticc,no_z,16,0.7365368682684341,0.697442247161618,0.9204246831630389,-0.10769305713156585,-0.23031863383838203,-0.05616370063696108
spcc_plus_plasticc,no_i,16,0.6307956496851747,0.7149640777760878,0.9085016265385131,-0.21343427571482532,-0.21279680322391215,-0.06808675726148694
spcc_plus_plasticc,short_span,16,0.798507462686567,0.8808007592579635,0.966667280827956,-0.04572246271343294,-0.046960121742036454,-0.00992110297204396
spcc_plus_plasticc,flux_scale,16,0.767073722297603,0.8197925331046634,0.9424579796571044,-0.07715620310239701,-0.1079683478953366,-0.03413040414289559
spcc_plus_plasticc,plasticc_train,16,0.7076566125290022,0.7504262245955873,0.8826342876513914,-0.13657331287099772,-0.1773346564044127,-0.09395409614860861
spcc_plus_plasticc,plasticc,16,0.7076566125290022,0.7504262245955873,0.8826342876513914,-0.13657331287099772,-0.1773346564044127,-0.09395409614860861
