z_bin,z_center,des_depth,predicted_delta_mad_vs_SDSS_ALL,predicted_delta_iqr_vs_SDSS_ALL,des_mad_error_days,des_iqr_error_days,sdss_all_mad_error_days,sdss_all_iqr_error_days
"[0.05,0.10)",0.075,SHALLOW,0.7565300000060233,1.944107500006794,1.7492500000007567,3.689250000003085,0.9927199999947334,1.745142499996291
"[0.05,0.10)",0.075,DEEP,1.5042800000010175,2.291357499998412,2.496999999995751,4.036499999994703,0.9927199999947334,1.745142499996291
"[0.10,0.15)",0.125,SHALLOW,0.6772600000040255,1.961177499993937,1.6715000000040163,3.707249999999476,0.9942399999999908,1.746072500005539
"[0.10,0.15)",0.125,DEEP,1.027509999999893,2.025177499999699,2.0217499999998836,3.7712500000052382,0.9942399999999908,1.746072500005539
"[0.15,0.20)",0.175,SHALLOW,0.9400024999922607,1.4805599999963306,1.7189999999973224,3.457750000001397,0.7789975000050617,1.9771900000050664
"[0.15,0.20)",0.175,DEEP,1.192502500001865,1.9058100000038394,1.9715000000069267,3.8830000000089058,0.7789975000050617,1.9771900000050664
"[0.20,0.25)",0.225,SHALLOW,0.9468700000070385,2.4490924999990966,1.4955000000045402,3.4862500000017462,0.5486299999975017,1.0371575000026496
"[0.20,0.25)",0.225,DEEP,1.2218700000012177,2.979342499987979,1.7704999999987194,4.016499999990629,0.5486299999975017,1.0371575000026496
"[0.25,0.30]",0.275,SHALLOW,0.7304525000072317,1.5027799999952551,1.7212500000023283,3.4862500000017462,0.9907974999950966,1.983470000006491
"[0.25,0.30]",0.275,DEEP,0.7832025000025171,2.0330299999841372,1.7739999999976137,4.016499999990629,0.9907974999950966,1.983470000006491
