feature,z_bin,comparison,sdss_stratum,des_stratum,sdss_n,des_n,sdss_raw_median,sdss_transformed_median,des_observed_median,raw_delta_DES_minus_SDSS,residual_delta_after_operator,median_operator_shift,wasserstein_before,wasserstein_after,wasserstein_change_after_minus_before,fraction_signed_median_displacement_removed,mean_frozen_prediction_on_SDSS_objects,median_frozen_prediction_on_SDSS_objects
peak_color_r_minus_i,"[0.05,0.10)",POOLED,ALL,ALL,39,6,-0.2303828357811266,-0.3571539418187879,-0.42878404065557585,-0.19840120487444926,-0.07163009883678795,-0.1267711060376613,0.22751272053369442,0.11290599534417807,-0.11460672518951635,0.6389633879385139,-0.11905502050176754,-0.12739464310710102
peak_color_r_minus_i,"[0.05,0.10)",STRATIFIED,82N,SHALLOW,23,4,-0.2021416249547519,-0.3381370695095863,-0.42878404065557585,-0.22664241570082394,-0.09064697114598957,-0.13599544455483437,0.2387623365002677,0.12475688839665247,-0.11400544810361524,0.6000441008992473,-0.12189480224042412,-0.12930767412311628
peak_color_r_minus_i,"[0.05,0.10)",STRATIFIED,82N,DEEP,23,2,-0.2021416249547519,-0.3381370695095863,-0.4578833414600669,-0.25574171650531496,-0.1197462719504806,-0.13599544455483437,0.26352176920169473,0.14478070541807309,-0.11874106378362165,0.5317687173340296,-0.12189480224042412,-0.12930767412311628
peak_color_r_minus_i,"[0.05,0.10)",STRATIFIED,82S,SHALLOW,16,4,-0.2757699290757093,-0.3794104850611271,-0.42878404065557585,-0.15301411157986655,-0.049373555594448726,-0.10364055598541783,0.1988236981150348,0.1409287821253443,-0.057894915989690515,0.6773267832315065,-0.11497283425244875,-0.11865148273294955
peak_color_r_minus_i,"[0.05,0.10)",STRATIFIED,82S,DEEP,16,2,-0.2757699290757093,-0.3794104850611271,-0.4578833414600669,-0.18211341238435758,-0.07847285639893975,-0.10364055598541783,0.2159837912132628,0.12610593330226977,-0.08987785791099304,0.5690989731535002,-0.11497283425244875,-0.11865148273294955
peak_color_r_minus_i,"[0.10,0.15)",POOLED,ALL,ALL,85,22,-0.2195730828717154,-0.3199293295743801,-0.2112692670748328,0.008303815796882608,0.1086600624995473,-0.10035624670266469,0.1082138926176667,0.14666719805829112,0.03845330544062442,-12.085557911862654,-0.1022895393664826,-0.09568466489212055
peak_color_r_minus_i,"[0.10,0.15)",STRATIFIED,82N,SHALLOW,45,20,-0.1981581231341918,-0.30170289212369156,-0.19227051457975713,0.0058876085544346535,0.10943237754393442,-0.10354476898949977,0.17500010204547406,0.19583561664875276,0.020835514603278704,-17.586897639706017,-0.09985807889928769,-0.09343407271523582
peak_color_r_minus_i,"[0.10,0.15)",STRATIFIED,82N,DEEP,45,2,-0.1981581231341918,-0.30170289212369156,-0.28296364315493794,-0.08480552002074615,0.01873924896875362,-0.10354476898949977,0.2527089816685469,0.23450949132574322,-0.01819949034280366,1.220967325760981,-0.09985807889928769,-0.09343407271523582
peak_color_r_minus_i,"[0.10,0.15)",STRATIFIED,82S,SHALLOW,40,20,-0.23817898896121048,-0.33353516283288,-0.19227051457975713,0.045908474381453346,0.14126464825312285,-0.0953561738716695,0.0636760196284278,0.11785271488535136,0.05417669525692356,-2.077093067379138,-0.10502493239207696,-0.09939495817732918
peak_color_r_minus_i,"[0.10,0.15)",STRATIFIED,82S,DEEP,40,2,-0.23817898896121048,-0.33353516283288,-0.28296364315493794,-0.04478465419372746,0.050571519677942045,-0.0953561738716695,0.11068864408493842,0.11182129319959302,0.0011326491146546047,2.1292153660310076,-0.10502493239207696,-0.09939495817732918
peak_color_r_minus_i,"[0.15,0.20)",POOLED,ALL,ALL,82,31,-0.08896886545804719,-0.2299389183701544,-0.2528833765282249,-0.1639145110701777,-0.022944458158070502,-0.1409700529121072,0.19470270983030913,0.11155663314454516,-0.08314607668576397,0.8600218003380606,-0.13556809768088984,-0.14793525355244996
peak_color_r_minus_i,"[0.15,0.20)",STRATIFIED,82N,SHALLOW,50,26,-0.0836414469906604,-0.21905190787807216,-0.2449062867400465,-0.1612648397493861,-0.025854378861974336,-0.13541046088741177,0.1918515545403548,0.09528699425693593,-0.09656456028341887,0.8396775211375687,-0.13828304735837862,-0.14848989108711014
peak_color_r_minus_i,"[0.15,0.20)",STRATIFIED,82N,DEEP,50,5,-0.0836414469906604,-0.21905190787807216,-0.2764981629638572,-0.1928567159731968,-0.05744625508578505,-0.13541046088741177,0.18793810410889367,0.17015416501997893,-0.017783939088914735,0.7021298698575323,-0.13828304735837862,-0.14848989108711014
peak_color_r_minus_i,"[0.15,0.20)",STRATIFIED,82S,SHALLOW,32,26,-0.1038345027634826,-0.23557199473901388,-0.2449062867400465,-0.1410717839765639,-0.009334292001032612,-0.13173749197553128,0.2212416099611796,0.13212027861526046,-0.08912133134591915,0.9338330335243842,-0.13132598880981367,-0.14681535418100608
peak_color_r_minus_i,"[0.15,0.20)",STRATIFIED,82S,DEEP,32,5,-0.1038345027634826,-0.23557199473901388,-0.2764981629638572,-0.1726636602003746,-0.04092616822484332,-0.13173749197553128,0.23097049086415603,0.20449093415136138,-0.026479556712794644,0.7629717325733227,-0.13132598880981367,-0.14681535418100608
peak_color_r_minus_i,"[0.20,0.25)",POOLED,ALL,ALL,65,38,-0.0003030026632773,-0.10990468525110259,-0.1012323197236821,-0.1009293170604048,0.008672365527420484,-0.10960168258782528,0.13472402656734475,0.06648487260977588,-0.06823915395756887,1.0859251383047623,-0.11005061026763262,-0.11556160180130234
peak_color_r_minus_i,"[0.20,0.25)",STRATIFIED,82N,SHALLOW,30,29,0.029427434468021298,-0.07384945773687736,-0.104913565138444,-0.1343409996064653,-0.03106410740156665,-0.10327689220489866,0.15555795086329938,0.049469483448261554,-0.10608846741503783,0.7687667391744519,-0.10833992849935042,-0.10960489351112462
peak_color_r_minus_i,"[0.20,0.25)",STRATIFIED,82N,DEEP,30,9,0.029427434468021298,-0.07384945773687736,-0.1005107823215544,-0.1299382167895757,-0.026661324584677043,-0.10327689220489866,0.14964026321859314,0.10012648597634553,-0.049513777242247606,0.7948153726947563,-0.10833992849935042,-0.10960489351112462
peak_color_r_minus_i,"[0.20,0.25)",STRATIFIED,82S,SHALLOW,35,29,-0.0288648817850246,-0.1389228266716225,-0.104913565138444,-0.07604868335341941,0.0340092615331785,-0.11005794488659791,0.13066015162031727,0.09831160528519868,-0.03234854633511859,1.447203817785089,-0.11151690892616019,-0.11710598134791043
peak_color_r_minus_i,"[0.20,0.25)",STRATIFIED,82S,DEEP,35,9,-0.0288648817850246,-0.1389228266716225,-0.1005107823215544,-0.0716459005365298,0.038412044350068106,-0.11005794488659791,0.14901132151635804,0.1797232316277039,0.030711910111345858,1.536137365326061,-0.11151690892616019,-0.11710598134791043
peak_color_r_minus_i,"[0.25,0.30]",POOLED,ALL,ALL,34,37,0.00381611250811065,-0.02502512434844594,-0.0420087166656679,-0.045824829173778545,-0.016983592317221956,-0.028841236856556592,0.03676786210647852,0.031774815238419726,-0.0049930468680587925,0.6293801281218927,-0.020615753150330565,-0.023881672780110632
peak_color_r_minus_i,"[0.25,0.30]",STRATIFIED,82N,SHALLOW,24,31,-0.00520728313808385,-0.03757610510579927,-0.0491776470018522,-0.04397036386376835,-0.011601541896052926,-0.03236882196771542,0.03957661121726123,0.03594776493462639,-0.0036288462826348372,0.7361508780778452,-0.018110555691367363,-0.016938878515989384
peak_color_r_minus_i,"[0.25,0.30]",STRATIFIED,82N,DEEP,24,6,-0.00520728313808385,-0.03757610510579927,0.0770507120988109,0.08225799523689475,0.11462681720461017,-0.03236882196771542,0.0906488765762804,0.10875943226764774,0.01811055569136734,-0.3935036572979497,-0.018110555691367363,-0.016938878515989384
peak_color_r_minus_i,"[0.25,0.30]",STRATIFIED,82S,SHALLOW,10,31,0.0538739608949494,0.03588364374088541,-0.0491776470018522,-0.1030516078968016,-0.0850612907427376,-0.01799031715406399,0.08360285898479224,0.06433700271837013,-0.019265856266422104,0.17457580256370123,-0.02662822705184225,-0.028595626731147072
peak_color_r_minus_i,"[0.25,0.30]",STRATIFIED,82S,DEEP,10,6,0.0538739608949494,0.03588364374088541,0.0770507120988109,0.0231767512038615,0.04116706835792549,-0.01799031715406399,0.05604517917284369,0.07975258147269444,0.02370740229985075,-0.7762225600914509,-0.02662822705184225,-0.028595626731147072
peak_color_i_minus_z,"[0.05,0.10)",POOLED,ALL,ALL,39,6,-0.1959694183175098,-0.03177204703817002,-0.061800836343030546,0.13416858197447926,-0.030028789304860526,0.16419737127933978,0.09795528100064284,0.10121521800762916,0.0032599370069863187,1.2238138680676556,0.17203351413409965,0.17174089037970017
peak_color_i_minus_z,"[0.05,0.10)",STRATIFIED,82N,SHALLOW,23,4,-0.20720583542816,-0.03425809317544953,-0.061800836343030546,0.14540499908512947,-0.027542743167581013,0.17294774225271048,0.10944845745296845,0.08574819323800645,-0.023700264214962005,1.189420881956443,0.1730860234465916,0.17543378838999
peak_color_i_minus_z,"[0.05,0.10)",STRATIFIED,82N,DEEP,23,2,-0.20720583542816,-0.03425809317544953,-0.10567121439370655,0.10153462103445346,-0.07141312121825702,0.17294774225271048,0.0915782320776623,0.11349045069405472,0.02191221861639242,1.7033376447431128,0.1730860234465916,0.17543378838999
peak_color_i_minus_z,"[0.05,0.10)",STRATIFIED,82S,SHALLOW,16,4,-0.16728204378148853,0.0060015629320124275,-0.061800836343030546,0.10548120743845799,-0.06780239927504297,0.17328360671350096,0.10034027817716756,0.10844890488051179,0.008108626703344224,1.6427912698534632,0.17052053199739253,0.1631293716397781
peak_color_i_minus_z,"[0.05,0.10)",STRATIFIED,82S,DEEP,16,2,-0.16728204378148853,0.0060015629320124275,-0.10567121439370655,0.06161082938778198,-0.11167277732571898,0.17328360671350096,0.09729334619905285,0.13171836743650295,0.0344250212374501,2.812551112124207,0.17052053199739253,0.1631293716397781
peak_color_i_minus_z,"[0.10,0.15)",POOLED,ALL,ALL,85,22,-0.3197369215630695,-0.1411109951961519,-0.30679620607763136,0.012940715485438126,-0.16568521088147947,0.1786259263669176,0.09157738557482799,0.2279897364018288,0.13641235082700082,13.803404191052731,0.16568352436425482,0.17011485540246407
peak_color_i_minus_z,"[0.10,0.15)",STRATIFIED,82N,SHALLOW,45,20,-0.3249968719305618,-0.15236494042487167,-0.31163682922240665,0.013360042708155162,-0.15927188879753498,0.17263193150569014,0.1446722528960301,0.2664541607695005,0.1217819078734704,12.921510452980298,0.16141968274681834,0.16232351345747828
peak_color_i_minus_z,"[0.10,0.15)",STRATIFIED,82N,DEEP,45,2,-0.3249968719305618,-0.15236494042487167,-0.2833010524355212,0.04169581949504064,-0.1309361120106495,0.17263193150569014,0.25871036322045166,0.3059108510246463,0.04720048780419467,4.140269542519082,0.16141968274681834,0.16232351345747828
peak_color_i_minus_z,"[0.10,0.15)",STRATIFIED,82S,SHALLOW,40,20,-0.3099124056519992,-0.1357599720593688,-0.31163682922240665,-0.001724423570407474,-0.17587685716303786,0.17415243359263038,0.03857648589437178,0.18347144397372625,0.14489495807935449,-100.99168010761933,0.17048034618387087,0.17798647787845784
peak_color_i_minus_z,"[0.10,0.15)",STRATIFIED,82S,DEEP,40,2,-0.3099124056519992,-0.1357599720593688,-0.2833010524355212,0.026611353216478006,-0.14754108037615238,0.17415243359263038,0.13710647880456622,0.20925962976582899,0.07215315096126276,6.544290783559008,0.17048034618387087,0.17798647787845784
peak_color_i_minus_z,"[0.15,0.20)",POOLED,ALL,ALL,82,31,-0.14144906750914685,-0.06697617574744132,-0.4202822491805625,-0.2788331816714157,-0.3533060734331212,0.07447289176170553,0.40731989817279585,0.4832308109444873,0.07591091277169143,-0.2670876231992587,0.07828528063551748,0.08208218815881917
peak_color_i_minus_z,"[0.15,0.20)",STRATIFIED,82N,SHALLOW,50,26,-0.14144906750914685,-0.06697617574744132,-0.43512047925216824,-0.29367141174302136,-0.36814430350472693,0.07447289176170553,0.3431558838050583,0.41795678934600256,0.07480090554094426,-0.25359258267493007,0.07679308158294618,0.08216735818680541
peak_color_i_minus_z,"[0.15,0.20)",STRATIFIED,82N,DEEP,50,5,-0.14144906750914685,-0.06697617574744132,-0.398996749915356,-0.2575476824062092,-0.3320205741679147,0.07447289176170553,0.38817089237873004,0.46496397396167594,0.0767930815829459,-0.2891615683197857,0.07679308158294618,0.08216735818680541
peak_color_i_minus_z,"[0.15,0.20)",STRATIFIED,82S,SHALLOW,32,26,-0.12222957593914735,-0.02972275536188404,-0.43512047925216824,-0.3128909033130209,-0.40539772389028417,0.09250682057726331,0.5007387254537068,0.5752712494578127,0.07453252400410593,-0.295651997542153,0.08061684165516018,0.08123050057006481
peak_color_i_minus_z,"[0.15,0.20)",STRATIFIED,82S,DEEP,32,5,-0.12222957593914735,-0.02972275536188404,-0.398996749915356,-0.27676717397620865,-0.369273994553472,0.09250682057726331,0.5382677576298707,0.6128002816339764,0.0745325240041057,-0.3342405793586467,0.08061684165516018,0.08123050057006481
peak_color_i_minus_z,"[0.20,0.25)",POOLED,ALL,ALL,65,38,-0.0061670289924948,0.0016288953933235456,-0.48636893469010395,-0.4802019056976091,-0.4879978300834275,0.007795924385818345,0.6128459247318556,0.6315489803725624,0.018703055640706734,-0.016234680232043074,0.01870305564070662,0.029261885781185062
peak_color_i_minus_z,"[0.20,0.25)",STRATIFIED,82N,SHALLOW,30,29,-0.018156064063163897,-0.012760114721972114,-0.4802411156380696,-0.4620850515749057,-0.46748100091609746,0.005395949341191784,0.68488639157513,0.7021379977356015,0.0172516061604715,-0.011677394286616625,0.017251606160471413,0.024765593279996046
peak_color_i_minus_z,"[0.20,0.25)",STRATIFIED,82N,DEEP,30,9,-0.018156064063163897,-0.012760114721972114,-0.5293730728559642,-0.5112170087928003,-0.5166129581339921,0.005395949341191784,0.6698987166649647,0.6871503228254361,0.01725160616047139,-0.01055510526524524,0.017251606160471413,0.024765593279996046
peak_color_i_minus_z,"[0.20,0.25)",STRATIFIED,82S,SHALLOW,35,29,0.0280019274989239,0.07099173587791183,-0.4802411156380696,-0.5082430431369935,-0.5512328515159814,0.04298980837898793,0.5576892763266784,0.5776364315218723,0.019947155195193855,-0.0845851388612127,0.01994715519519394,0.029958088224115432
peak_color_i_minus_z,"[0.20,0.25)",STRATIFIED,82S,DEEP,35,9,0.0280019274989239,0.07099173587791183,-0.5293730728559642,-0.5573750003548882,-0.6003648087338761,0.04298980837898793,0.542701601416513,0.562648756611707,0.019947155195193966,-0.07712905737002149,0.01994715519519394,0.029958088224115432
peak_color_i_minus_z,"[0.25,0.30]",POOLED,ALL,ALL,34,37,0.2527026129776663,0.18574990365252186,-0.4710221765208184,-0.7237247894984846,-0.6567720801733403,-0.06695270932514441,0.8888586379009502,0.7900952744334394,-0.0987633634675108,0.09251128370432099,-0.09876336346751079,-0.09107772928152488
peak_color_i_minus_z,"[0.25,0.30]",STRATIFIED,82N,SHALLOW,24,31,0.2896188303832671,0.2412541071786483,-0.4741889748207548,-0.7638078052040218,-0.7154430819994031,-0.048364723204618765,0.9581137477539312,0.8552325838507958,-0.1028811639031354,0.06332054068457697,-0.10288116390313544,-0.10123606510362808
peak_color_i_minus_z,"[0.25,0.30]",STRATIFIED,82N,DEEP,24,6,0.2896188303832671,0.2412541071786483,-0.4454284257268316,-0.7350472561100987,-0.68668253290548,-0.048364723204618765,0.9217710151907277,0.8188898512875923,-0.1028811639031354,0.06579811407033458,-0.10288116390313544,-0.10123606510362808
peak_color_i_minus_z,"[0.25,0.30]",STRATIFIED,82S,SHALLOW,10,31,0.2436138674105519,0.1397122625087423,-0.4741889748207548,-0.7178028422313067,-0.6139012373294971,-0.10390160490180961,0.7426839889643185,0.6538033465423069,-0.08888064242201166,0.14474950332995215,-0.08888064242201159,-0.08418051679576513
peak_color_i_minus_z,"[0.25,0.30]",STRATIFIED,82S,DEEP,10,6,0.2436138674105519,0.1397122625087423,-0.4454284257268316,-0.6890422931373835,-0.5851406882355739,-0.10390160490180961,0.706341256401115,0.6174606139791033,-0.08888064242201166,0.15079133158680205,-0.08888064242201159,-0.08418051679576513
i_peak_flux,"[0.05,0.10)",POOLED,ALL,ALL,39,6,3.3065794096403174,3.2484980968294384,3.3845286159517745,0.07794920631145708,0.1360305191223361,-0.05808131281087903,0.12142838883330548,0.15765116992847994,0.03622278109517446,-0.7451174368447951,0.13758186773786468,0.1379257794186632
i_peak_flux,"[0.05,0.10)",STRATIFIED,82N,SHALLOW,23,4,3.3209746013178156,3.2620687652190714,3.4280575647708513,0.1070829634530357,0.16598879955177992,-0.058905836098744224,0.14442517245289532,0.17990186098867178,0.03547668853577646,-0.5500953111423655,0.13870927072854264,0.14130174455456807
i_peak_flux,"[0.05,0.10)",STRATIFIED,82N,DEEP,23,2,3.3209746013178156,3.2620687652190714,3.3048603080016745,-0.016114293316141115,0.04279154278260311,-0.058905836098744224,0.13565153561973944,0.14196609030240098,0.006314554682661538,3.655502288750096,0.13870927072854264,0.14130174455456807
i_peak_flux,"[0.05,0.10)",STRATIFIED,82S,SHALLOW,16,4,3.2895857153958206,3.2344731071380926,3.4280575647708513,0.13847184937503076,0.19358445763275878,-0.05511260825772801,0.1636265852372216,0.20108941409111616,0.03746282885389457,-0.39800586549879585,0.13596122593876508,0.1297449792664417
i_peak_flux,"[0.05,0.10)",STRATIFIED,82S,DEEP,16,2,3.2895857153958206,3.2344731071380926,3.3048603080016745,0.015274592605853954,0.07038720086358197,-0.05511260825772801,0.1381130254793798,0.14991238715269348,0.01179936167331369,-3.6081229581603522,0.13596122593876508,0.1297449792664417
i_peak_flux,"[0.10,0.15)",POOLED,ALL,ALL,85,22,2.9978928997100396,2.948452083787779,2.8715875366079313,-0.12630536310210827,-0.0768645471798477,-0.04944081592226057,0.1628590891279627,0.10768446957639358,-0.05517461955156913,0.3914387695658769,0.13877968750261674,0.1367864913354419
i_peak_flux,"[0.10,0.15)",STRATIFIED,82N,SHALLOW,45,20,2.9607085516885565,2.9069411242922105,2.8715875366079313,-0.0891210150806252,-0.03535358768427921,-0.05376742739634599,0.15826740732769068,0.10458479864464659,-0.053682608683044086,0.6033080676617536,0.13623546677364393,0.13325078742429292
i_peak_flux,"[0.10,0.15)",STRATIFIED,82N,DEEP,45,2,2.9607085516885565,2.9069411242922105,2.862670751291714,-0.09803780039684229,-0.0442703730004963,-0.05376742739634599,0.17213694572881455,0.130973982982661,-0.04116296274615355,0.5484356766339465,0.13623546677364393,0.13325078742429292
i_peak_flux,"[0.10,0.15)",STRATIFIED,82S,SHALLOW,40,20,3.035480112584807,2.9770888555277377,2.8715875366079313,-0.16389257597687568,-0.10550131891980641,-0.05839125705706927,0.16767044550235446,0.11569140268083107,-0.051979042821523394,0.35627762092962617,0.14164193582271117,0.1410881193737802
i_peak_flux,"[0.10,0.15)",STRATIFIED,82S,DEEP,40,2,3.035480112584807,2.9770888555277377,2.862670751291714,-0.17280936129309277,-0.1144181042360235,-0.05839125705706927,0.17675423311278277,0.12706181398097596,-0.0496924191318068,0.3378940621048588,0.14164193582271117,0.1410881193737802
i_peak_flux,"[0.15,0.20)",POOLED,ALL,ALL,82,31,2.8095340729246514,2.759365802403281,2.7433058887114563,-0.0662281842131951,-0.01605991369182469,-0.050168270521370406,0.10676524145165561,0.06324018914329461,-0.043525052308361,0.7575063565063744,0.12725155103133728,0.12717210517053368
i_peak_flux,"[0.15,0.20)",STRATIFIED,82N,SHALLOW,50,26,2.7847323101061354,2.7311370563206427,2.741669821925417,-0.04306248818071845,0.01053276560477423,-0.05359525378549268,0.06433486781294821,0.032591748247230885,-0.03174311956571733,1.2445925920623033,0.1280908922801406,0.12754197109535237
i_peak_flux,"[0.15,0.20)",STRATIFIED,82N,DEEP,50,5,2.7847323101061354,2.7311370563206427,2.7433058887114563,-0.041426421394679114,0.012168832390813566,-0.05359525378549268,0.1029884139000046,0.09727953445593418,-0.005708879444070419,1.2937456816479096,0.1280908922801406,0.12754197109535237
i_peak_flux,"[0.15,0.20)",STRATIFIED,82S,SHALLOW,32,26,2.833934808023165,2.781493932947008,2.741669821925417,-0.09226498609774803,-0.03982411102159089,-0.052440875076157134,0.18393055872808517,0.1343884235497917,-0.04954213517829348,0.5683724378454883,0.12594008033008214,0.12526179444509847
i_peak_flux,"[0.15,0.20)",STRATIFIED,82S,DEEP,32,5,2.833934808023165,2.781493932947008,2.7433058887114563,-0.09062891931170869,-0.038188044235551555,-0.052440875076157134,0.17495328759912673,0.1562384584150709,-0.018714829184055842,0.5786329074033447,0.12594008033008214,0.12526179444509847
i_peak_flux,"[0.20,0.25)",POOLED,ALL,ALL,65,38,2.6690843266211157,2.632357284133929,2.5351821897193183,-0.13390213690179742,-0.09717509441461081,-0.03672704248718661,0.12057967745548608,0.07960340644834407,-0.040976271007142004,0.274282721224396,0.10268405948808824,0.10743760054020295
i_peak_flux,"[0.20,0.25)",STRATIFIED,82N,SHALLOW,30,29,2.6662809702087813,2.6275995956191465,2.5301100022314107,-0.1361709679773706,-0.09748959338773577,-0.03868137458963483,0.12272861241205134,0.08399595660771146,-0.03873265580433988,0.28406476919561185,0.10175226183130874,0.10435909760681394
i_peak_flux,"[0.20,0.25)",STRATIFIED,82N,DEEP,30,9,2.6662809702087813,2.6275995956191465,2.5402543772072264,-0.12602659300155494,-0.08734521841192011,-0.03868137458963483,0.11135867234676154,0.07318851827480462,-0.038170154071956924,0.3069302570859594,0.10175226183130874,0.10435909760681394
i_peak_flux,"[0.20,0.25)",STRATIFIED,82S,SHALLOW,35,29,2.669484235524375,2.632357284133929,2.5301100022314107,-0.13937423329296417,-0.10224728190251842,-0.03712695139044575,0.12450058206234221,0.08336411006778602,-0.041136471994556195,0.2663831793959004,0.10348274319389925,0.10809594340534452
i_peak_flux,"[0.20,0.25)",STRATIFIED,82S,DEEP,35,9,2.669484235524375,2.632357284133929,2.5402543772072264,-0.1292298583171485,-0.09210290692670275,-0.03712695139044575,0.11588208238894565,0.08492637330298373,-0.030955709085961916,0.2872939108184342,0.10348274319389925,0.10809594340534452
i_peak_flux,"[0.25,0.30]",POOLED,ALL,ALL,34,37,2.5228351099092476,2.514893916053376,2.45504292151631,-0.06779218839293755,-0.059850994537065993,-0.007941193855871553,0.09523196466063598,0.08029380848647058,-0.014938156174165398,0.11714024940222834,0.037725158013471635,0.041409273691292485
i_peak_flux,"[0.25,0.30]",STRATIFIED,82N,SHALLOW,24,31,2.474273805445743,2.4702694857237493,2.4850822707053415,0.010808465259598332,0.01481278498159222,-0.0040043197219938875,0.06631747576929889,0.05422742709036227,-0.012090048678936621,-0.37047995490737207,0.035557021917793336,0.0358644978490522
i_peak_flux,"[0.25,0.30]",STRATIFIED,82N,DEEP,24,6,2.474273805445743,2.4702694857237493,2.3537316540190947,-0.12054215142664848,-0.1165378317046546,-0.0040043197219938875,0.18381087286540115,0.16963345089211676,-0.014177421973284393,0.033219248823765764,0.035557021917793336,0.0358644978490522
i_peak_flux,"[0.25,0.30]",STRATIFIED,82S,SHALLOW,10,31,2.540476035387869,2.530028812229249,2.4850822707053415,-0.055393764682527546,-0.044946541523907424,-0.010447223158620123,0.10834282968015765,0.0931915199348222,-0.015151309745335448,0.18859926236274413,0.042928684643099554,0.04517401408180272
i_peak_flux,"[0.25,0.30]",STRATIFIED,82S,DEEP,10,6,2.540476035387869,2.530028812229249,2.3537316540190947,-0.18674438136877436,-0.17629715821015424,-0.010447223158620123,0.2264710959925055,0.20934929163061655,-0.017121804361888954,0.05594397583501813,0.042928684643099554,0.04517401408180272
z_peak_flux,"[0.05,0.10)",POOLED,ALL,ALL,39,6,3.2394621587502743,3.2520196970802284,3.335067275587542,0.0956051168372678,0.0830475785073137,0.012557538329954099,0.12578816688239305,0.11813696426012209,-0.007651202622270967,0.1313479732609777,-0.032961090083326594,-0.032064374952080935
z_peak_flux,"[0.05,0.10)",STRATIFIED,82N,SHALLOW,23,4,3.2306353675214052,3.244361183162063,3.365752113461394,0.1351167459399889,0.12139093029933123,0.013725815640657668,0.15765694695610233,0.1492413114488448,-0.008415635507257518,0.10158485941301375,-0.032861379379300074,-0.03252976481151456
z_peak_flux,"[0.05,0.10)",STRATIFIED,82N,DEEP,23,2,3.2306353675214052,3.244361183162063,3.273023305311767,0.042387937790361985,0.028662122149704317,0.013725815640657668,0.13786325653174855,0.1341806295059978,-0.0036826270257507565,0.32381418762435277,-0.032861379379300074,-0.03252976481151456
z_peak_flux,"[0.05,0.10)",STRATIFIED,82S,SHALLOW,16,4,3.2508949101127627,3.2634591242194286,3.365752113461394,0.11485720334863148,0.1022929892419655,0.012564214106665972,0.1416072198012819,0.1315189326247416,-0.010088287176540311,0.10938986620220259,-0.033104424220364734,-0.0314617190382408
z_peak_flux,"[0.05,0.10)",STRATIFIED,82S,DEEP,16,2,3.2508949101127627,3.2634591242194286,3.273023305311767,0.022128395199004558,0.009564181092338586,0.012564214106665972,0.12622409964088602,0.1270217267888358,0.0007976271479497865,0.5677869539871183,-0.033104424220364734,-0.0314617190382408
z_peak_flux,"[0.10,0.15)",POOLED,ALL,ALL,85,22,2.899612601257596,2.9145158589744966,2.7619709285279903,-0.1376416727296057,-0.1525449304465063,0.014903257716900598,0.15707255372169276,0.16811468527356013,0.011042131551867368,-0.10827576722478335,-0.027638661665873386,-0.03368966103879986
z_peak_flux,"[0.10,0.15)",STRATIFIED,82N,SHALLOW,45,20,2.8727621006247728,2.88093298366553,2.758423411273549,-0.11433868935122371,-0.1225095723919809,0.008170883040757193,0.13635870925734095,0.1467545030917438,0.010395793834402839,-0.07146210164835815,-0.02602272026138031,-0.029687286160474724
z_peak_flux,"[0.10,0.15)",STRATIFIED,82N,DEEP,45,2,2.8727621006247728,2.88093298366553,2.766470833783605,-0.10629126684116796,-0.11446214988192516,0.008170883040757193,0.14444880571539637,0.153447072724114,0.008998267008717642,-0.0768725717886778,-0.02602272026138031,-0.029687286160474724
z_peak_flux,"[0.10,0.15)",STRATIFIED,82S,SHALLOW,40,20,2.9489033582972146,2.963800522972463,2.758423411273549,-0.19047994702366555,-0.20537711169891404,0.014897164675248487,0.18108428464431442,0.1928535461283294,0.01176926148401497,-0.07820857212543028,-0.029456595745928092,-0.03704559135620497
z_peak_flux,"[0.10,0.15)",STRATIFIED,82S,DEEP,40,2,2.9489033582972146,2.963800522972463,2.766470833783605,-0.1824325245136098,-0.1973296891888583,0.014897164675248487,0.18853696335880113,0.199107940710989,0.010570977352187871,-0.08165849107754429,-0.029456595745928092,-0.03704559135620497
z_peak_flux,"[0.15,0.20)",POOLED,ALL,ALL,82,31,2.7438192465740583,2.717685518217497,2.5557713688066657,-0.18804787776739262,-0.16191414941083115,-0.02613372835656147,0.22755249369499572,0.20884674799894581,-0.018705745696049908,0.13897380107042634,0.04685049415700659,0.05272556045056348
z_peak_flux,"[0.15,0.20)",STRATIFIED,82N,SHALLOW,50,26,2.7287140529220597,2.7091626075586506,2.551846839309491,-0.17686721361256863,-0.1573157682491595,-0.019551445363409137,0.18627167849819537,0.16663044750219555,-0.01964123099599982,0.11054307332639383,0.04920040333171417,0.052675478317505034
z_peak_flux,"[0.15,0.20)",STRATIFIED,82N,DEEP,50,5,2.7287140529220597,2.7091626075586506,2.5863622095664285,-0.14235184335563122,-0.12280039799222209,-0.019551445363409137,0.16163699176803703,0.14596026809427592,-0.015676723673761106,0.13734592333001713,0.04920040333171417,0.052675478317505034
z_peak_flux,"[0.15,0.20)",STRATIFIED,82S,SHALLOW,32,26,2.8180459217767546,2.8076772433040897,2.551846839309491,-0.26619908246726354,-0.25583040399459867,-0.010368678472664872,0.3027495869980135,0.28550553708313553,-0.01724404991487799,0.03895084226648296,0.043178761071525996,0.053226374318455005
z_peak_flux,"[0.15,0.20)",STRATIFIED,82S,DEEP,32,5,2.8180459217767546,2.8076772433040897,2.5863622095664285,-0.23168371221032613,-0.22131503373766126,-0.010368678472664872,0.2768709211405666,0.2596268712256886,-0.01724404991487799,0.04475359261876822,0.043178761071525996,0.053226374318455005
z_peak_flux,"[0.20,0.25)",POOLED,ALL,ALL,65,38,2.654484586517945,2.622594911528654,2.3635392403035906,-0.2909453462143543,-0.25905567122506357,-0.03188967498929074,0.3596137080073758,0.32707647761996944,-0.03253723038740636,0.10960709770485892,0.08152257282412056,0.07567781422415752
z_peak_flux,"[0.20,0.25)",STRATIFIED,82N,SHALLOW,30,29,2.6672759121887797,2.6370953363507885,2.3743266819863056,-0.2929492302024741,-0.26276865436448293,-0.030180575837991164,0.39119889147948084,0.3584609179387063,-0.03273797354077451,0.10302322971503161,0.08202001509209603,0.07694147538678728
z_peak_flux,"[0.20,0.25)",STRATIFIED,82N,DEEP,30,9,2.6672759121887797,2.6370953363507885,2.341038637721123,-0.3262372744676565,-0.2960566986296653,-0.030180575837991164,0.3808249870010509,0.3480870134602765,-0.0327379735407744,0.09251112058620174,0.08202001509209603,0.07694147538678728
z_peak_flux,"[0.20,0.25)",STRATIFIED,82S,SHALLOW,35,29,2.6389083868582106,2.6075092210438418,2.3743266819863056,-0.264581704871905,-0.23318253905753616,-0.03139916581436886,0.3371036515875878,0.3047384867602112,-0.032365164827376613,0.11867474294781831,0.08109619373728445,0.07567351998806086
z_peak_flux,"[0.20,0.25)",STRATIFIED,82S,DEEP,35,9,2.6389083868582106,2.6075092210438418,2.341038637721123,-0.2978697491370874,-0.26647058332271856,-0.03139916581436886,0.326729747109158,0.2943645822817813,-0.03236516482737667,0.10541240225075069,0.08109619373728445,0.07567351998806086
z_peak_flux,"[0.25,0.30]",POOLED,ALL,ALL,34,37,2.6279023068524707,2.576371788800846,2.2505663630854498,-0.37733594376702095,-0.32580542571539617,-0.051530518051624785,0.419785451776602,0.36604280079716395,-0.053742650979438034,0.13656403240355322,0.13468471195348758,0.13000021182937355
z_peak_flux,"[0.25,0.30]",STRATIFIED,82N,SHALLOW,24,31,2.6279023068524707,2.576371788800846,2.252100254766473,-0.37580205208599793,-0.32427153403437314,-0.051530518051624785,0.41364619218650517,0.3590808523768707,-0.05456533980963446,0.137121438708463,0.1367470120685902,0.1346359128020837
z_peak_flux,"[0.25,0.30]",STRATIFIED,82N,DEEP,24,6,2.6279023068524707,2.576371788800846,2.1833917895645714,-0.44451051728789936,-0.3929799992362746,-0.051530518051624785,0.5143661381124232,0.4598007983027888,-0.05456533980963435,0.1159264315409879,0.1367470120685902,0.1346359128020837
z_peak_flux,"[0.25,0.30]",STRATIFIED,82S,SHALLOW,10,31,2.622586577037959,2.5772141234860353,2.252100254766473,-0.37048632227148603,-0.3251138687195625,-0.04537245355192354,0.3789875964985445,0.32721939871157746,-0.05176819778696706,0.12246728374138299,0.12973519167724135,0.12685270664848994
z_peak_flux,"[0.25,0.30]",STRATIFIED,82S,DEEP,10,6,2.622586577037959,2.5772141234860353,2.1833917895645714,-0.43919478747338747,-0.39382233392146393,-0.04537245355192354,0.4797075424244626,0.42793934463749556,-0.05176819778696706,0.1033082696926881,0.12973519167724135,0.12685270664848994
