snid,phase_days,mjd,band,fluxcal,fluxcalerr,snr,mag,magerr,sim_mag
319694,0.0,56177.172,g,0.09072,4.786,0.02,99.0,5.0,99.195
319694,0.01600000000325963,56177.188,r,-4.019,5.335,-0.75,99.0,5.0,99.162
319694,0.031000000002677552,56177.203,i,6.197,5.437,1.14,99.0,5.0,99.198
319694,0.06199999999807915,56177.234,z,-7.772,4.693,-1.66,99.0,5.0,99.114
319694,2.0,56179.172,g,-0.4589,2.238,-0.21,99.0,5.0,99.195
319694,2.139999999999418,56179.312,r,2.821,3.03,0.93,99.0,5.0,99.162
319694,2.1560000000026776,56179.328,i,-1.124,4.199,-0.27,99.0,5.0,99.198
319694,2.186999999998079,56179.359,z,-2.16,3.517,-0.61,99.0,5.0,99.114
319694,9.984000000004016,56187.156,g,0.242,1.702,0.14,99.0,5.0,99.195
319694,10.0,56187.172,r,-0.4954,1.251,-0.4,99.0,5.0,99.162
319694,10.01600000000326,56187.188,i,-1.953,1.897,-1.03,99.0,5.0,99.198
319694,10.039000000004307,56187.211,z,-1.813,2.176,-0.83,99.0,5.0,99.114
319694,11.976000000002387,56189.148,g,0.2433,9.76,0.02,99.0,5.0,99.195
319694,11.988000000004831,56189.16,r,0.622,3.876,0.16,99.0,5.0,99.162
319694,12.004000000000815,56189.176,i,0.5438,8.07,0.07,99.0,5.0,99.198
319694,12.031000000002678,56189.203,z,0.8086,4.692,0.17,99.0,5.0,99.114
319694,16.949000000000524,56194.121,g,28.12,3.825,7.35,23.878,0.158,24.47
319694,16.957000000002154,56194.129,r,11.19,2.365,4.73,24.878,0.259,24.55
319694,22.984000000004016,56200.156,i,1096.0,21.95,49.94,19.9,0.021,19.941
319694,23.00800000000163,56200.18,z,691.8,14.06,49.21,20.4,0.022,20.4
319694,29.984000000004016,56207.156,g,5225.0,97.34,53.68,18.205,0.021,18.18
319694,30.0,56207.172,r,4546.0,84.58,53.75,18.356,0.02,18.357
319694,32.01900000000023,56209.191,i,3683.0,68.54,53.73,18.585,0.02,18.594
319694,32.042999999997846,56209.215,z,2891.0,53.82,53.73,18.847,0.02,18.882
319694,37.99199999999837,56215.164,g,7058.0,131.4,53.71,17.878,0.021,17.85
319694,38.00800000000163,56215.18,r,6496.0,120.8,53.77,17.968,0.021,17.958
319694,39.9800000000032,56217.152,i,3503.0,65.17,53.74,18.639,0.02,18.635
319694,40.01900000000023,56217.191,z,3734.0,69.46,53.76,18.57,0.02,18.596
319694,43.88999999999942,56221.062,g,5847.0,109.0,53.64,18.083,0.021,18.054
319694,43.90200000000186,56221.074,r,6211.0,115.6,53.74,18.017,0.02,18.038
319694,44.02300000000105,56221.195,i,3137.0,60.08,52.21,18.759,0.022,18.729
319694,44.05500000000029,56221.227,z,3021.0,56.34,53.63,18.8,0.02,18.812
319694,44.875,56222.047,g,5726.0,106.9,53.55,18.105,0.02,18.109
319694,44.88999999999942,56222.062,r,5982.0,111.3,53.74,18.058,0.02,18.074
319694,45.01900000000023,56222.191,i,3115.0,58.88,52.89,18.767,0.021,18.775
319694,45.03900000000431,56222.211,z,2781.0,51.97,53.52,18.889,0.021,18.877
319694,50.859000000004016,56228.031,g,3720.0,74.56,49.89,18.574,0.022,18.56
319694,50.875,56228.047,r,4321.0,81.34,53.12,18.411,0.021,18.399
319694,50.984000000004016,56228.156,i,2097.0,39.37,53.26,19.196,0.02,19.235
319694,51.01600000000326,56228.188,z,2163.0,40.32,53.63,19.163,0.021,19.144
319694,51.859000000004016,56229.031,g,3586.0,74.0,48.46,18.614,0.022,18.645
319694,51.984000000004016,56229.156,r,4162.0,77.51,53.69,18.452,0.02,18.458
319694,52.0,56229.172,i,1953.0,37.04,52.72,19.273,0.021,19.258
319694,52.02700000000186,56229.199,z,2135.0,39.83,53.62,19.176,0.02,19.177
319694,52.86300000000483,56230.035,g,3250.0,61.3,53.01,18.72,0.02,18.731
319694,52.870999999999185,56230.043,r,4069.0,75.78,53.69,18.476,0.02,18.501
319694,53.01900000000023,56230.191,i,1977.0,37.34,52.95,19.26,0.021,19.252
319694,53.042999999997846,56230.215,z,2177.0,40.6,53.63,19.155,0.02,19.201
319694,53.86300000000483,56231.035,g,2965.0,55.84,53.1,18.82,0.021,18.818
319694,53.984000000004016,56231.156,r,3853.0,71.73,53.72,18.536,0.02,18.549
319694,54.0,56231.172,i,2166.0,40.6,53.36,19.161,0.019,19.24
319694,54.01900000000023,56231.191,z,2083.0,38.85,53.6,19.203,0.021,19.198
319694,57.97299999999814,56235.145,g,2145.0,40.23,53.3,19.172,0.02,19.203
319694,57.98800000000483,56235.16,r,3529.0,65.68,53.73,18.631,0.02,18.646
319694,58.0,56235.172,i,1897.0,35.46,53.51,19.305,0.021,19.302
319694,58.02300000000105,56235.195,z,3019.0,56.22,53.7,18.8,0.02,18.84
319694,58.98800000000483,56236.16,g,1821.0,34.1,53.4,19.349,0.021,19.299
319694,59.0,56236.172,r,3378.0,62.88,53.72,18.678,0.021,18.666
319694,59.01600000000326,56236.188,i,1901.0,35.5,53.56,19.302,0.02,19.307
319694,59.03500000000349,56236.207,z,3061.0,57.02,53.69,18.785,0.021,18.77
319694,60.004000000000815,56237.176,g,1834.0,34.55,53.07,19.342,0.02,19.39
319694,60.01600000000326,56237.188,r,3399.0,63.3,53.69,18.672,0.02,18.691
319694,60.03500000000349,56237.207,i,1888.0,35.26,53.54,19.31,0.021,19.291
319694,60.065999999998894,56237.238,z,3188.0,59.42,53.66,18.741,0.021,18.736
319694,61.01600000000326,56238.188,g,1657.0,31.23,53.07,19.451,0.02,19.474
319694,61.02700000000186,56238.199,r,3228.0,60.11,53.71,18.728,0.021,18.72
319694,61.04699999999866,56238.219,i,1969.0,36.8,53.51,19.264,0.021,19.257
319694,61.07800000000134,56238.25,z,3175.0,59.25,53.58,18.746,0.021,18.732
319694,66.03100000000268,56243.203,g,1103.0,20.76,53.14,19.893,0.021,19.881
319694,66.03900000000431,56243.211,r,3038.0,56.54,53.73,18.794,0.02,18.835
319694,66.05099999999948,56243.223,i,1920.0,35.79,53.65,19.292,0.02,19.292
319694,66.07800000000134,56243.25,z,5340.0,99.32,53.76,18.181,0.02,18.199
319694,67.00800000000163,56244.18,g,1039.0,19.6,53.02,19.958,0.021,19.958
319694,67.01600000000326,56244.188,r,2751.0,51.22,53.72,18.901,0.021,18.859
319694,67.03100000000268,56244.203,i,1900.0,35.42,53.64,19.303,0.02,19.323
319694,67.05099999999948,56244.223,z,5476.0,101.9,53.77,18.154,0.021,18.134
319694,68.01900000000023,56245.191,g,990.5,19.52,50.76,20.01,0.021,20.033
319694,68.02700000000186,56245.199,r,2889.0,53.77,53.73,18.848,0.02,18.893
319694,68.04699999999866,56245.219,i,1793.0,33.45,53.61,19.366,0.021,19.349
319694,68.07400000000052,56245.246,z,5633.0,104.9,53.68,18.123,0.02,18.125
319694,69.06199999999808,56246.234,g,917.7,17.37,52.82,20.093,0.02,20.108
319694,69.07400000000052,56246.246,r,2597.0,48.5,53.54,18.964,0.021,18.935
319694,69.09000000000378,56246.262,i,1808.0,34.2,52.87,19.357,0.02,19.371
319694,69.11300000000483,56246.285,z,5475.0,102.7,53.33,18.154,0.02,18.169
319694,71.03500000000349,56248.207,g,793.8,15.04,52.78,20.251,0.021,20.237
319694,71.04299999999785,56248.215,r,2440.0,45.44,53.71,19.031,0.02,19.036
319694,71.05800000000454,56248.23,i,1783.0,33.27,53.6,19.372,0.02,19.399
319694,71.07800000000134,56248.25,z,4291.0,79.85,53.73,18.419,0.021,18.4
319694,81.06999999999971,56258.242,g,567.9,13.43,42.28,20.614,0.026,20.6
319694,81.08600000000297,56258.258,r,1462.0,27.58,53.0,19.588,0.021,19.553
319694,81.98800000000483,56259.16,i,1241.0,23.55,52.69,19.766,0.021,19.773
319694,82.00800000000163,56259.18,z,982.5,18.54,53.0,20.019,0.021,19.998
319694,84.04299999999785,56261.215,g,533.7,10.83,49.3,20.682,0.022,20.671
319694,84.05800000000454,56261.23,r,1336.0,24.95,53.55,19.685,0.02,19.69
319694,89.98400000000402,56267.156,i,590.2,11.24,52.53,20.573,0.021,20.559
319694,90.00800000000163,56267.18,z,753.5,14.35,52.49,20.307,0.021,20.295
319694,96.98800000000483,56274.16,g,447.2,8.741,51.16,20.874,0.022,20.851
319694,97.00400000000081,56274.176,r,1055.0,19.71,53.52,19.942,0.02,19.975
319694,98.05099999999948,56275.223,i,582.4,11.28,51.64,20.587,0.022,20.553
319694,99.01900000000023,56276.191,z,764.3,14.63,52.25,20.292,0.021,20.294
319694,104.98800000000483,56282.16,g,453.2,9.263,48.92,20.859,0.023,20.851
319694,105.01200000000244,56282.184,r,1044.0,19.59,53.32,19.953,0.02,19.975
319694,109.98800000000483,56287.16,i,592.0,12.12,48.84,20.569,0.023,20.553
319694,110.01900000000023,56287.191,z,762.3,14.72,51.8,20.295,0.021,20.294
319694,111.86300000000483,56289.035,g,452.8,14.7,30.8,20.86,0.036,20.851
319694,111.87099999999919,56289.043,r,1005.0,19.19,52.37,19.995,0.021,19.975
319694,111.9800000000032,56289.152,i,614.0,12.24,50.15,20.53,0.021,20.553
319694,112.00400000000081,56289.176,z,770.3,15.02,51.3,20.283,0.021,20.294
