survey,object_id,class,subtype,z_helio,redshift_source,mwebv,field,field_stratum,ignored_sdss_epochs,structural_epoch_count,global_fallback,fallback_g,fallback_r,fallback_i,fallback_z,selected_epochs_g,selected_epochs_r,selected_epochs_i,selected_epochs_z,first_active_mjd,last_active_mjd,colour_clipped_g_r,colour_clipped_r_i,colour_clipped_i_z,z_peak_flux,r_mean_flux,peak_color_g_minus_r,i_peak_flux,peak_color_r_minus_i,peak_color_i_minus_z,g_mean_flux,r_peak_flux,z_std_flux,i_amplitude,i_std_flux,time_span,z_time_of_peak,i_time_of_peak,r_time_of_peak,r_std_flux
DES-SN5YR,1366237,Ia,Ia,0.1666100025177002,REDSHIFT_HELIO,0.019624266773462296,X3,DEEP,0,98,False,False,False,False,False,26,24,24,22,57614.282,57782.045,False,False,False,2.8652757494751344,2.556133873201916,-0.12296331734750715,2.997456273596383,-0.42950147993898513,-0.39899674991535605,2.4734308250679318,3.154149972446661,2.3428546882409425,2.990655788761453,2.4710270965238705,167.762999999999,11.057999999997264,11.974000000001979,10.993999999998778,2.62720917811556
DES-SN5YR,1470031,Ia,Ia,0.2735300064086914,REDSHIFT_HELIO,0.04671311751008034,S1,SHALLOW,0,83,False,False,False,False,False,9,16,17,13,57653.281,57782.072,False,False,False,2.420797117094707,2.1419194810220206,0.4786714985253272,2.524889217326965,0.07126830407050894,-0.22857229106795957,1.9314132323906803,2.503681773706754,1.732054079885888,2.487303863041135,1.9908029294832101,128.79099999999744,17.894000000000233,17.89299999999639,17.890999999995984,1.9641291172358701
DES-SN5YR,1366436,Ia,Ia,0.23999999463558197,REDSHIFT_HELIO,0.00931354146450758,C2,SHALLOW,0,126,False,False,False,False,False,14,24,21,19,57623.399,57791.093,False,False,False,2.3327615430016735,2.0795675604586332,0.12604515831650354,2.5166675671657597,-0.109899338961188,-0.4802411156380696,2.163181401314553,2.554634500304162,1.7985328234024491,2.4892833313896205,2.028792512030205,167.69400000000314,13.947000000000116,13.944000000003143,13.942000000002736,2.093301659900987
DES-SN5YR,1516017,Ia,Ia,0.2289000004529953,REDSHIFT_HELIO,0.00615100609138608,E2,SHALLOW,0,119,False,False,False,False,False,8,12,14,12,57682.016,57781.037,False,False,False,1.945005498621048,1.791541529835255,0.571115263208491,2.1229690804141925,0.0856727562462032,-0.4399370308127788,1.6234095455102955,2.0952391003023365,1.2424246764063986,2.0698677957663603,1.5489705602306632,99.02099999999336,12.019000000000233,12.01299999999901,19.02599999999802,1.5345780048225648
DES-SN5YR,1449078,CC,II,0.10875999927520752,REDSHIFT_HELIO,0.007580015808343887,C2,SHALLOW,0,126,False,False,False,False,False,19,24,24,25,57660.28,57800.105,False,False,False,2.5020035479941365,2.3311047443667703,0.05454558714081806,2.5886973924052157,0.17736543565640928,-0.23577254731757802,2.215924619625043,2.533517869776696,1.875510732100227,2.498828650346471,2.012910525565308,139.82500000000437,64.7870000000039,25.83299999999872,6.875,1.9407976575128745
DES-SN5YR,1503024,Ia,Ia,0.2779799997806549,REDSHIFT_HELIO,0.023286299780011177,X2,SHALLOW,0,95,False,False,False,False,False,3,12,13,14,57680.105,57756.067,False,False,False,2.156821652217529,1.9932414493565882,0.9305006399146796,2.2993765450341,-0.0818886749791122,-0.3996279879338748,1.945297851165661,2.354185285726394,1.5681582740989575,2.2509320819135104,1.8188193126456997,75.96199999999953,0.0,5.992999999994936,5.9909999999945285,1.8799661699790584
DES-SN5YR,1578103,Ia,Ia,0.16091999411582947,REDSHIFT_HELIO,0.034215737134218216,S2,SHALLOW,0,99,False,False,False,False,False,10,11,11,11,57714.238,57782.063,False,False,False,2.5476516508487106,2.4348554798121382,0.24232510220641906,2.7169710530305804,-0.13867586301880538,-0.36659298939162344,2.280196034491688,2.7678383099543016,1.9614726313535593,2.6599484846198767,2.16171686914249,67.82500000000437,8.849000000001979,15.867000000005646,15.865000000005239,2.2242620803192743
DES-SN5YR,1385199,CC,IIb,0.12054000049829483,REDSHIFT_HELIO,0.00977968331426382,C1,SHALLOW,0,139,False,False,False,False,False,17,25,33,31,57623.417,57789.041,False,False,False,2.4692917274384105,2.006014993219861,0.3335718060597109,2.3933645937571524,0.007520612220469933,0.0686763855395601,1.9237729218943138,2.3810789555269887,1.782088736674383,2.3352813476121566,1.8211958639621633,165.62399999999616,91.71399999999994,21.83299999999872,19.894000000000233,1.806722468126993
DES-SN5YR,1560034,Ia,Ia,0.2698200047016144,REDSHIFT_HELIO,0.006931567098945379,E2,SHALLOW,0,111,False,False,False,False,False,9,11,11,12,57708.063,57781.044,False,False,False,2.1721941391653963,2.100562897489644,0.2937116252608025,2.358524929402912,0.08812354215363556,-0.5020294762575706,1.961414240376127,2.3177709242254854,1.5644993468517132,2.2664551288398704,1.7740388144511061,72.98099999999977,10.989000000001397,15.070999999996275,15.068999999995867,1.8089681214425415
DES-SN5YR,1447077,CC,II,0.11078000068664551,REDSHIFT_HELIO,0.011273304000496864,C1,SHALLOW,0,143,False,False,False,False,False,10,27,27,26,57653.346,57800.079,False,False,False,2.3844430349963606,1.7251005797821681,0.709121462533782,2.3861599543698855,0.6064358718382119,-0.04221038495281458,1.6036552595899871,2.186278096540644,1.7832663235614414,2.344331346258003,1.8193550172388078,146.73300000000017,26.800999999999476,19.889999999999418,13.822000000000116,1.5871388267317497
DES-SN5YR,1407075,Ia,Ia,0.14380000531673431,REDSHIFT_HELIO,0.020365890115499496,X2,SHALLOW,0,111,False,False,False,False,False,14,22,19,13,57635.223,57756.067,False,False,False,2.531402273195448,2.15239940663891,0.46512973522201184,2.6746682900397456,-0.0009259106119789245,-0.3537883737129363,1.9511997443464182,2.6731131098649015,1.9876715965044334,2.652188310125149,2.1585108506628434,120.8440000000046,18.07600000000093,18.073000000003958,18.07100000000355,2.146140819533966
DES-SN5YR,1368188,Ia,Ia,0.24050000309944153,REDSHIFT_HELIO,0.007304264698177576,C3,DEEP,0,122,False,False,False,False,False,20,28,25,20,57615.357,57800.06,False,False,False,2.341038637721123,1.963203257091781,0.05927300695627947,2.509901119162818,-0.05661633703737451,-0.5293730728559642,1.979729743522727,2.541878641970508,1.8071900977660267,2.4946748636867815,2.0385621966964624,184.70299999999406,7.973999999994703,18.023999999997613,12.059999999997672,2.0325600106677184
DES-SN5YR,1538019,Ia,Ia,0.2916199862957001,REDSHIFT_HELIO,0.039418112486600876,S2,SHALLOW,0,104,False,False,False,False,False,11,13,14,13,57695.092,58008.304,False,False,False,2.2317243833285163,2.1537932971712785,0.21346021847891278,2.4223599795676565,-0.12135999321910845,-0.4565230737758249,2.0794571944039593,2.4756857271646013,1.650777824714024,2.364959754266957,1.886855076555272,313.21199999999953,7.006000000001222,19.150000000001455,14.069999999999709,1.987913167445072
DES-SN5YR,1367196,CC,II,0.2175299972295761,REDSHIFT_HELIO,0.0073899636045098305,C3,DEEP,0,122,False,False,False,False,False,18,28,32,26,57615.357,57803.04,False,False,False,2.199700352018692,1.8299299472440052,0.03601093274861625,2.25478969476852,0.040666650959203424,-0.16832313697922766,1.8966033679333465,2.24681851820691,1.695988859736548,2.2124353275682065,1.7645288757523403,187.68299999999726,7.973999999994703,7.926999999996042,7.95499999999447,1.757679644215002
DES-SN5YR,1366690,Ia,Ia,0.27222999930381775,REDSHIFT_HELIO,0.021492594853043556,X3,DEEP,0,100,False,False,False,False,False,10,17,12,10,57624.263,57752.091,False,False,False,2.2004126995263418,1.8325551130298006,0.3221423424482611,2.3356383939532805,0.04835169857951717,-0.40000678251269656,1.877992970396901,2.312135009977145,1.5661140293476987,2.2975241476744026,1.8474638945666013,127.82800000000134,7.088999999999942,12.991000000001804,11.989000000001397,1.853323104106039
DES-SN5YR,1479069,Ia,Ia,0.1735299974679947,REDSHIFT_HELIO,0.0064591411501169205,E2,SHALLOW,0,235,False,False,False,False,False,36,38,39,37,57661.07,57990.231,False,False,False,2.699022114426853,2.6329296389849124,-0.0960574997861361,2.8540144014267104,-0.362936544532976,-0.384708813838558,2.5854781516035663,2.99119061406049,2.143953743376648,2.8385330234784267,2.33883475969109,329.16100000000006,24.944000000003143,24.940999999998894,32.94400000000314,2.483244191451413
DES-SN5YR,1367527,CC,II,0.18895000219345093,REDSHIFT_HELIO,0.04453032836318016,S1,SHALLOW,0,119,False,False,False,False,False,11,26,27,27,57625.3,57782.067,False,False,False,2.032981190640492,1.8759156510611732,0.17592911798851849,2.083144137670874,-0.09834893715855782,-0.050835296355835606,1.79539775784684,2.165659727449928,1.231659298599404,1.7335102291773667,1.1203121845313806,156.76699999999983,95.74499999999534,90.74799999999959,0.0020000000004074536,1.4079187630552592
DES-SN5YR,1531089,Ia,Ia,0.2924099862575531,REDSHIFT_HELIO,0.005298854783177376,E2,SHALLOW,0,115,False,False,False,False,False,9,13,10,11,57686.02,57773.049,False,False,False,2.2124007076563577,2.074224658539165,0.21845755566317268,2.407441892883774,-0.0007598491510086841,-0.41536836245019254,1.9716515217560897,2.3890065248001844,1.6045937856399786,2.329954880018145,1.833736295317314,87.02900000000227,8.015000000006694,15.02400000000489,15.022000000004482,1.9121496586866293
DES-SN5YR,1407098,CC,Ibc,0.22994999587535858,REDSHIFT_HELIO,0.021364489570260048,X3,DEEP,0,99,False,False,False,False,False,5,18,19,18,57642.311,57773.079,False,False,False,2.152074180356702,1.6467733820748283,0.7293463274163715,2.1906677824000806,0.12366156588789032,-0.05076045873421632,1.721025370908987,2.117337609257928,1.6102210791576739,2.1486334821352853,1.6484913277596807,130.7679999999964,21.885999999998603,19.85399999999936,18.046000000002095,1.6229964132135493
DES-SN5YR,1389192,Ia,Ia,0.18208999931812286,REDSHIFT_HELIO,0.00960628129541874,C2,SHALLOW,0,126,False,False,False,False,False,22,29,24,21,57633.313,57784.036,False,False,False,2.5479223098123165,2.3254966262620576,-0.036123317930444515,2.7455588031713747,-0.2528833765282249,-0.49671884708718855,2.304921263345702,2.882313888137609,2.0172305700558213,2.7246035119608716,2.23343259948372,150.72299999999814,11.955999999998312,20.050999999999476,20.04899999999907,2.3320431168704747
DES-SN5YR,1530193,Ia,Ia,0.14892999827861786,REDSHIFT_HELIO,0.023105237632989883,X3,DEEP,0,99,False,False,False,False,False,15,16,16,15,57660.357,58009.32,False,False,False,2.814174328767912,2.649165148665067,0.03858349336955043,2.927734700272025,-0.28671428941124383,-0.3087757998649955,2.570080217685917,3.0505344289783403,2.314493666126905,2.914974314382494,2.4414751306731914,348.9629999999961,54.72899999999936,53.71899999999732,54.690999999998894,2.5923653991501907
DES-SN5YR,1434248,Ia,Ia,0.2383500039577484,REDSHIFT_HELIO,0.0240782517939806,X3,DEEP,0,101,False,False,False,False,False,12,19,19,17,57625.277,57781.064,False,False,False,2.334111814415607,2.0177172142577025,0.23700789162123165,2.497510181911266,-0.0401867689892314,-0.417125340881521,1.9506309311396874,2.514547752660286,1.8182130610949452,2.4762344091417376,1.9951961632737867,155.78699999999662,34.88300000000163,43.85399999999936,38.86899999999878,2.0180622414752194
DES-SN5YR,1371126,Ia,Ia,0.21648000180721283,REDSHIFT_HELIO,0.008015123195946217,C3,DEEP,0,101,False,False,False,False,False,11,19,16,10,57615.357,57779.122,False,False,False,2.2989839944069033,1.9378244910148938,0.14550168741700814,2.5402543772072264,-0.23522477430356692,-0.6023082345224187,2.0105905678554823,2.644389358961865,1.74355398924891,2.521952278915284,1.9986077822437043,163.76499999999942,0.9579999999987194,0.01599999999598367,0.04299999999784632,2.0834403526401593
DES-SN5YR,1682020,Ia,Ia,0.22014999389648438,REDSHIFT_HELIO,0.00711413100361824,E1,SHALLOW,0,108,False,False,False,False,False,4,4,5,6,57718.031,57994.31,False,False,False,2.5589244556122206,2.663464160916198,-0.0026991283769892496,2.76929608373065,-0.27445834514886064,-0.48425755122996855,2.654436704817871,2.8830990485724155,1.9690884711276404,2.6274273221378177,2.2067105053896174,276.278999999995,54.01799999999639,54.01299999999901,54.0109999999986,2.4293021844149716
DES-SN5YR,1499051,CC,II,0.06202999874949455,REDSHIFT_HELIO,0.0096846679225564,C3,DEEP,0,114,False,False,False,False,False,23,20,22,18,57673.274,57987.292,False,False,False,2.3798854119073116,2.060668568324512,0.5543231276366861,2.427193906276681,0.06351110970500756,-0.08770953524253053,1.8348197309122634,2.4013488380837793,1.786597656453965,2.3790987716305,1.7926957520066396,314.01800000000367,115.80600000000413,129.76600000000326,126.78600000000006,1.7816120668583555
DES-SN5YR,1443060,CC,Ib,0.13527999818325043,REDSHIFT_HELIO,0.02354338951408863,X2,SHALLOW,0,112,False,False,False,False,False,19,22,22,23,57657.236,57789.057,False,False,False,2.6261144331641217,2.2920117612886615,0.1850199440753434,2.630468565133514,0.03428933318067911,-0.0517176140664841,2.0791682930608824,2.6198026478556224,2.0305203598664723,2.5965201339524704,2.077861247526074,131.82100000000355,28.867000000005646,29.859000000004016,28.860000000000582,2.0828502447667794
DES-SN5YR,1366124,CC,II,0.14877000451087952,REDSHIFT_HELIO,0.006745686288923025,E1,SHALLOW,0,127,False,False,False,False,False,15,26,30,26,57614.221,57772.044,False,False,False,2.5486473277608064,2.2318258645543625,0.22548332838163557,2.582063362911709,0.001315061344657916,-0.1210412627091015,2.1048441047313253,2.6176397573112973,2.0716280227282815,2.55490689849714,2.1254575616164937,157.82300000000396,13.139000000002852,13.13300000000163,0.0030000000042491592,2.0884344324395703
DES-SN5YR,1550021,Ia,Ia,0.2067600041627884,REDSHIFT_HELIO,0.005892142653465271,E1,SHALLOW,0,110,False,False,False,False,False,8,13,14,12,57680.005,57780.041,False,False,False,2.3138882905336002,2.3130981734849754,0.41008031997256555,2.5740428600689405,-0.08501587297761792,-0.6714912589041465,2.1757715615335704,2.620000637213162,1.732930939864599,2.513646367433808,2.07298948926436,100.03600000000006,34.0480000000025,38.028000000005704,38.0260000000053,2.128988978087963
DES-SN5YR,1371110,CC,II,0.054590001702308655,REDSHIFT_HELIO,0.023049045354127884,X3,DEEP,0,101,False,False,False,False,False,27,24,26,24,57614.28,57791.037,False,False,False,2.9418144313421655,2.6325588919975034,0.6303017839569429,2.95173082774944,0.025160633458386397,-0.02399989227207858,2.300178668301676,2.9403321719307405,2.5076433407804295,2.927274353793761,2.537892874757098,176.7569999999978,28.0679999999993,22.972999999998137,10.995999999999185,2.5242178483091378
DES-SN5YR,1367234,Ia,Ia,0.2527799904346466,REDSHIFT_HELIO,0.017004037275910378,X1,SHALLOW,0,128,False,False,False,False,False,7,15,16,16,57615.41,57744.051,False,False,False,2.28119252025298,2.045069891840454,0.514249967264651,2.5269979871969053,-0.10730660402785022,-0.5119859721512879,1.9703840764396245,2.54587589413757,1.618767555283893,2.481066952418203,1.8827357619929155,128.64099999999598,0.008999999998195563,0.00399999999353895,0.001999999993131496,1.9767085726126745
DES-SN5YR,1433261,CC,II,0.15952999889850616,REDSHIFT_HELIO,0.02089829370379448,X2,SHALLOW,0,109,False,False,False,False,False,15,20,21,23,57653.292,57780.059,False,False,False,2.245857990502302,2.0228094986595346,-0.05771192660902035,2.29234467896712,0.08932375563871922,-0.08420393941571626,1.9125716887358342,2.2396247774593414,1.5839404511348025,2.22035131059681,1.6260333393025288,126.76699999999983,33.80599999999686,32.80599999999686,9.086999999999534,1.6289910736808648
DES-SN5YR,1547071,Ia,Ia,0.2996099889278412,REDSHIFT_HELIO,0.0081464983522892,C3,DEEP,0,113,False,False,False,False,False,10,16,16,13,57694.127,57803.04,False,False,False,2.1395327696755935,1.856317581710286,0.25013478303634107,2.2894774663446023,0.10574972561810472,-0.4198346749328449,1.9170363053556394,2.2396497756400997,1.5823295629101646,2.257404954382172,1.7839313378965462,108.91300000000047,14.078000000001339,19.97200000000157,20.156000000002678,1.79865300105957
DES-SN5YR,1674054,Ia,Ia,0.05299999937415123,REDSHIFT_HELIO,0.024283630773425102,X2,SHALLOW,0,114,False,False,False,False,False,4,5,5,7,57756.064,58015.198,False,False,False,3.4597090601368343,3.4561898522102235,0.1618739305487893,3.51531738504785,-0.36778891351707926,-0.0017648533604671054,3.4244324207125962,3.6417318440729205,2.931786256787542,3.272421826371504,2.821052813700979,259.1339999999982,7.022000000004482,7.019000000000233,7.016999999999825,3.048642983483789
DES-SN5YR,1366315,CC,II,0.07599999755620956,REDSHIFT_HELIO,0.02338871918618679,X1,SHALLOW,0,206,False,False,False,False,False,26,39,42,41,57615.41,57781.064,False,False,False,2.4296876822977587,2.243980763782653,0.5948628792503373,2.454631447619542,0.07428423158954685,-0.07027105868649393,1.981686387191584,2.434983855759537,1.8749370306749735,2.4193492715171883,1.9504797381601269,165.653999999995,37.86699999999837,21.843999999997322,9.865999999994528,1.9068673457840597
DES-SN5YR,1371046,Ia,Ia,0.0741100013256073,REDSHIFT_HELIO,0.008108624257147312,E2,SHALLOW,0,127,False,False,False,False,False,30,30,31,28,57614.208,57773.051,False,False,False,3.1813003732825025,2.886077063469605,0.30819068037499986,3.2300655512060468,-0.470674644080829,-0.12183681932559405,2.6261590104675427,3.418616107380925,2.725234798763998,3.2234580391563767,2.735568236740456,158.84300000000076,9.02100000000064,9.018000000003667,13.158000000003085,2.907825674670953
DES-SN5YR,1502065,Ia,Ia,0.2740499973297119,REDSHIFT_HELIO,0.0568552166223526,S1,SHALLOW,0,106,False,False,False,False,False,10,19,19,17,57681.267,57782.077,False,False,False,2.306146121206195,2.1554648569668498,0.2177846501547891,2.4524151756876464,-0.034883589549844704,-0.41190323924253336,2.0582399665912665,2.4802513638778265,1.6973553069037726,2.410460047338058,1.893714606455545,100.80999999999767,13.849000000001979,20.841999999996915,13.84100000000035,1.9459903516186918
DES-SN5YR,1366406,Ia,Ia,0.17789000272750854,REDSHIFT_HELIO,0.006561104208230972,E1,SHALLOW,0,35,False,False,False,False,False,3,7,10,10,57629.203,57719.036,False,False,False,2.535939396774427,2.6453800187163847,0.619673732632323,2.752171395819788,-0.18545415038988633,-0.586978641758386,2.543703909581485,2.8365709569288966,1.9599207480333822,2.7093225257247897,2.286159133070062,89.83299999999872,0.006999999997788109,0.004999999997380655,4.010999999998603,2.2906982682511514
DES-SN5YR,1293758,Ia,Ia,0.14895999431610107,REDSHIFT_HELIO,0.007273045368492603,E2,SHALLOW,0,195,False,False,False,False,False,39,42,34,25,56903.107,57049.044,False,False,False,2.7116723042904147,2.3828476778200547,-0.061517954602147575,2.8837125408610103,-0.1810456162229197,-0.4314259969183072,2.3338972781018583,2.933127746725844,2.1836318688431553,2.870605218234849,2.345234947332947,145.93699999999808,8.995999999999185,12.985999999997148,12.98399999999674,2.4429748854510875
DES-SN5YR,1298893,Ia,Ia,0.19711999595165253,REDSHIFT_HELIO,0.02513471245765686,X2,SHALLOW,0,65,False,False,False,False,False,8,11,6,5,56923.302,57012.056,False,False,False,2.3889533252489423,2.136393934452539,0.48182888385068395,2.5179740215894455,0.01392395390305939,-0.5353253951404524,2.0148511698540967,2.5604446877796403,1.83250169064014,2.410470155657087,2.010352172968835,88.75399999999354,7.863999999994121,7.862999999997555,19.94499999999971,2.0635835479033076
DES-SN5YR,1303004,Ia,Ia,0.29600000381469727,REDSHIFT_HELIO,0.0207880400121212,X2,SHALLOW,0,112,False,False,False,False,False,8,17,16,15,56936.368,57045.048,False,False,False,2.253119835366829,2.0570999944208377,0.16671717152771726,2.4858349336307146,-0.05500009683676598,-0.5250425388803461,2.110525310867548,2.4763533243652893,1.6268279848285994,2.4414657341855435,1.91798739850126,108.68000000000029,23.864999999997963,23.862999999997555,19.8379999999961,1.9623757747448394
DES-SN5YR,1295744,CC,II,0.07604999840259552,REDSHIFT_HELIO,0.009357228875160217,C3,DEEP,0,100,False,False,False,False,False,14,22,23,24,56903.246,57067.047,False,False,False,2.3858921412530925,2.1619978857992486,0.33022291290086964,2.434920031597146,0.12470628262170391,-0.1306221912056466,2.0122447077147214,2.3860885627654036,1.8984959448667498,2.3807501567931326,1.989867975828777,163.80099999999948,58.06199999999808,40.883999999998196,32.99799999999959,1.9507252761067029
DES-SN5YR,1316385,Ia,Ia,0.1478399932384491,REDSHIFT_HELIO,0.007115315645933151,C1,SHALLOW,0,229,False,False,False,False,False,20,23,22,19,56980.216,57067.048,False,False,False,2.8472455632685905,2.848510667493605,-0.08681815561530057,2.960746591599534,-0.37252994123898375,-0.29101254725961523,2.8096525604154885,3.108158967787261,2.1879914995885064,2.9091975440356923,2.3780070026601567,86.83200000000215,37.86200000000099,37.85899999999674,38.85599999999977,2.6060976503543194
DES-SN5YR,1304416,CC,II,0.1420699954032898,REDSHIFT_HELIO,0.021963167935609818,X3,DEEP,0,88,False,False,False,False,False,13,15,15,15,56949.125,57257.353,False,False,False,2.101368966397628,1.9993947474770584,-0.07172626839600135,2.1099158733138674,0.1962681797719423,-0.03757973832995605,1.7599437336690154,2.0473138241352977,1.164642310062355,2.078612683938109,1.587635828409022,308.2280000000028,95.93499999999767,89.91599999999744,75.97499999999854,0.7892810702399168
DES-SN5YR,1296321,Ia,Ia,0.1853100061416626,REDSHIFT_HELIO,0.029841819778084755,S2,SHALLOW,0,96,False,False,False,False,False,12,16,15,14,56915.265,57036.055,False,False,False,2.3890242475168515,2.1971116333861755,0.16372202320900048,2.5277587603842857,-0.15208993980147312,-0.39995513517991477,2.0978485202628385,2.6105004731424413,1.8296747686575205,2.4976289437474186,2.028536710218637,120.79000000000087,12.023000000001048,12.020000000004075,16.955000000001746,2.102181382371433
DES-SN5YR,1316431,Ia,Ia,0.19900000095367432,REDSHIFT_HELIO,0.04356362670660019,S1,SHALLOW,0,108,False,False,False,False,False,10,9,10,9,57001.16,57052.1,False,False,False,2.526158264704439,2.583129216714401,-0.08136230106475255,2.714681733411055,-0.2058154326097929,-0.5041054429505345,2.540803192564738,2.836760724522301,1.9529602886395783,2.6428521286959423,2.1447129825902835,50.93999999999505,10.914999999993597,16.90099999999802,17.897999999993772,2.261270884766962
DES-SN5YR,1310395,Ia,Ia,0.28999999165534973,REDSHIFT_HELIO,0.02968335896730423,X2,SHALLOW,0,116,False,False,False,False,False,5,11,12,12,56973.073,57040.052,False,False,False,2.1377654258478973,2.0107073098113664,0.46974749690473777,2.322219294733919,0.026526946005527602,-0.3773467293169758,1.943694306317183,2.2869726564090787,1.4722860813684375,2.2519762787926423,1.7556949316215595,66.97900000000664,0.005000000004656613,6.997000000003027,14.0,1.8110354281318914
DES-SN5YR,1291639,Ia,Ia,0.10194999724626541,REDSHIFT_HELIO,0.009400579147040844,C2,SHALLOW,0,109,False,False,False,False,False,20,19,13,8,56890.4,57067.096,False,False,False,2.6166960096105427,2.011759805973103,0.8500585070459508,2.526868901723546,-0.19086294934986148,0.18737374739896226,1.8050527412997308,2.5647252139640804,2.0953784911073807,2.4910645963426084,1.9386002469088546,176.69599999999627,110.8949999999968,0.004999999997380655,0.0029999999969732016,1.9519706721505847
DES-SN5YR,1317612,Ia,Ia,0.10525000095367432,REDSHIFT_HELIO,0.004132469184696674,E1,SHALLOW,0,84,False,False,False,False,False,12,12,7,10,56957.008,57297.035,False,False,False,3.0271456657743414,2.844915285681943,0.10254681359166273,2.891977649272855,-0.8385840334725371,0.08965383328046868,2.6686693046719734,3.2695596286390867,2.4655945442875966,2.8666121858537332,2.4479474618532877,340.02700000000186,54.04000000000087,68.04000000000087,59.09900000000198,2.788475979490159
DES-SN5YR,1296657,Ia,Ia,0.14714999496936798,REDSHIFT_HELIO,0.029522696509957314,X2,SHALLOW,0,108,False,False,False,False,False,17,21,17,16,56915.292,57045.048,False,False,False,2.661263569542879,2.5042377826487368,0.03139364076861565,2.859462532354853,-0.29091258423012656,-0.5304575181437703,2.4769139313596433,2.9837660675653086,2.147429536043065,2.8394830606069488,2.390597054489084,129.75600000000122,8.016999999999825,8.891999999999825,8.889999999999418,2.49595562065456
DES-SN5YR,1297501,Ia,Ia,0.2154099941253662,REDSHIFT_HELIO,0.008047672919929028,C3,DEEP,0,98,False,False,False,False,False,20,22,22,20,56920.196,57066.064,False,False,False,2.4247183273626947,2.1721102002767307,0.1575831028128476,2.6290730571267207,-0.10051078232155444,-0.5197612028052435,2.006846901352856,2.675145678012624,1.9306744743608142,2.6105239064039134,2.1456890891992897,145.86799999999494,12.97599999999511,23.932999999997264,23.15899999999965,2.1796426643122375
DES-SN5YR,1315259,Ia,Ia,0.2289630025625229,REDSHIFT_HELIO,0.025301694869995117,S2,SHALLOW,0,111,False,False,False,False,False,13,16,14,17,56957.106,57303.173,False,False,False,2.3860171321782393,2.198437999055802,0.26238499435742246,2.6194585753608908,0.04828098715728206,-0.5241042541188217,1.9968321520461652,2.5367351728553293,1.751831740284759,2.572340610389158,2.0150689743370487,346.06700000000274,44.04699999999866,44.044999999998254,44.042999999997846,2.0413070179379895
DES-SN5YR,1290816,Ia,Ia,0.2189200073480606,REDSHIFT_HELIO,0.010346193797886372,C1,SHALLOW,0,111,False,False,False,False,False,8,19,15,15,56887.39,57040.177,False,False,False,2.368268295385791,2.076673969413773,0.17135697127748065,2.5896145542701814,-0.18058927412141257,-0.5761404755155193,2.2094332448957816,2.6559735474731787,1.8429959371512978,2.570828887344721,2.0853354696375423,152.7870000000039,0.008000000001629815,4.006000000001222,4.004000000000815,2.135007426823462
DES-SN5YR,1317286,Ia,Ia,0.28299999237060547,REDSHIFT_HELIO,0.024539131671190262,X2,SHALLOW,0,116,False,False,False,False,False,10,11,10,10,57001.226,57265.38,False,False,False,2.3231695799167653,2.341408076236039,0.10431684265950884,2.5357623422973368,-0.10862472246284406,-0.5302729017690572,2.2604506389563372,2.574054416759653,1.5905079036191432,2.3163268622069437,1.8778673355350222,264.153999999995,12.836999999999534,17.862999999997555,12.831999999994878,2.050583126923274
DES-SN5YR,1302187,Ia,Ia,0.21991999447345734,REDSHIFT_HELIO,0.009741895832121372,C3,DEEP,0,98,False,False,False,False,False,9,18,18,13,56936.244,57066.064,False,False,False,2.3186892763104994,2.100253339553,0.3738552687367568,2.5760647994822965,-0.1154238368844284,-0.7153509051707554,2.1136139901434348,2.6215916695238373,1.7494002754326488,2.5494385762254725,2.066913858962218,129.8199999999997,19.911000000000058,20.06999999999971,13.87800000000425,2.1190150310967106
DES-SN5YR,1317277,Ia,Ia,0.23810000717639923,REDSHIFT_HELIO,0.01990320347249508,X2,SHALLOW,0,115,False,False,False,False,False,6,10,10,9,57001.226,57052.039,False,False,False,2.312240836103106,2.249298166181894,0.2939085612973034,2.4608076721208123,-0.06497719535673471,-0.4969614509821238,2.2368428084469008,2.4836158054530033,1.6418693876120358,2.3446162530007335,1.9072171398148356,50.812999999994645,3.852999999995518,12.833999999995285,10.82999999999447,2.0031631079071515
DES-SN5YR,1299775,Ia,Ia,0.16051000356674194,REDSHIFT_HELIO,0.009302482940256596,C2,SHALLOW,0,103,False,False,False,False,False,14,20,16,14,56927.221,57067.099,False,False,False,2.571708831808688,2.3329451824134035,0.4623781681282372,2.819188472721001,-0.22203976779088752,-0.4964737500110473,2.161046543912449,2.90354034320773,2.0174479248857113,2.783812868091802,2.2397233473848956,139.87800000000425,15.963999999999942,15.961000000002969,15.959000000002561,2.33107554393479
DES-SN5YR,1292336,Ia,Ia,0.2344599962234497,REDSHIFT_HELIO,0.025929976254701614,S2,SHALLOW,0,99,False,False,False,False,False,9,16,16,13,56890.328,57021.047,False,False,False,2.2128531899471113,1.9728479578626148,0.3706849416236469,2.5287367588951497,0.01998483971815903,-0.6879100025445478,1.9037867164217859,2.5244480636621565,1.6399045992169603,2.507053959470029,1.9541755740531153,130.71899999999732,13.06300000000192,13.059999999997672,13.057999999997264,1.9807629973809788
DES-SN5YR,1292560,Ia,Ia,0.22582000494003296,REDSHIFT_HELIO,0.020562268793582916,X1,SHALLOW,0,100,False,False,False,False,False,13,17,19,14,56890.258,57018.09,False,False,False,2.4427932450647556,2.1575849297638254,0.14796415508095792,2.6523140501894993,-0.15363409288833474,-0.5983072868657688,2.055191270779426,2.725061822606344,1.7981347360757218,2.6273279637430274,2.06849336502127,127.83199999999488,12.972000000001572,12.970000000001164,12.966999999996915,2.1544262529048592
DES-SN5YR,1289973,CC,II,0.10513000190258026,REDSHIFT_HELIO,0.009566670283675194,C3,DEEP,0,99,False,False,False,False,False,24,26,25,24,56903.246,57250.306,False,False,False,2.237015619530063,1.9883042083429519,0.6721517435159874,2.2559716225559163,0.18100283440410636,-0.06481366904921657,1.7284410400956522,2.1897148388985306,1.5899941077546877,2.1801918252783405,1.643698914837293,347.0599999999977,52.90899999999965,62.88300000000163,60.01900000000023,1.6694049315493724
DES-SN5YR,1292315,Ia,Ia,0.1140500009059906,REDSHIFT_HELIO,0.027426989749073982,S2,SHALLOW,0,102,False,False,False,False,False,17,20,16,13,56890.328,57042.074,False,False,False,2.805174518256683,2.3203710647823432,0.5411623793424145,2.8877298041534103,-0.18145706733087838,-0.09398145457074188,2.1034288065137488,3.0960405542954277,2.3306411666436606,2.871724685421661,2.350671062962634,151.74599999999919,13.06300000000192,0.004999999997380655,0.0029999999969732016,2.4460709681489083
DES-SN5YR,1302648,Ia,Ia,0.23259000480175018,REDSHIFT_HELIO,0.005716389510780573,E2,SHALLOW,0,93,False,False,False,False,False,9,13,15,11,56930.132,57037.078,False,False,False,2.33332634532496,2.1463041028520564,0.4100894609612842,2.5291992867712865,-0.06935624285425253,-0.48848031815023946,1.9987300035063051,2.5543801228500813,1.771867880817792,2.5000717310683194,2.0143989087504823,106.94600000000355,12.893000000003667,18.900000000001455,18.898000000001048,2.0805832003343623
DES-SN5YR,1302929,CC,II,0.13895000517368317,REDSHIFT_HELIO,0.018807996064424515,X1,SHALLOW,0,99,False,False,False,False,False,11,15,22,20,56890.258,57051.055,False,False,False,2.339232747085205,2.153879673565083,0.30097165974128604,2.3793417907457464,0.1802169136221202,-0.11274860839051065,1.8634072178760819,2.329275817204077,1.8225661381172718,2.3185474790859737,1.8793965374697106,160.79699999999866,46.09599999999773,12.970000000001164,12.966999999996915,1.681680108701371
DES-SN5YR,1318737,Ia,Ia,0.07450799643993378,REDSHIFT_HELIO,0.042604122310876846,S1,SHALLOW,0,106,False,False,False,False,False,10,10,12,10,56960.261,57303.187,False,False,False,3.271795166785954,3.221057840822411,0.13720696149516196,3.352433380769632,-0.38689343723032277,-0.23514539960009964,3.1286396231797724,3.5421404688559166,2.8206525775206135,3.335962322469395,2.861886576242268,342.9259999999995,57.802999999999884,57.80000000000291,58.79699999999866,3.02901496038409
DES-SN5YR,1297026,Ia,Ia,0.2595599889755249,REDSHIFT_HELIO,0.020979981869459152,X3,DEEP,0,82,False,False,False,False,False,12,19,13,14,56915.203,57044.076,False,False,False,2.288383372119064,1.97924325386894,0.3823516358525748,2.4625327525525367,-0.054219184395114806,-0.47102217652081846,1.8792454945016983,2.4768316108289836,1.6948361806723402,2.4272831906166727,1.9696389449015188,128.8729999999996,9.030999999995402,15.987999999997555,15.972000000001572,1.9808193045292388
DES-SN5YR,1313594,Ia,Ia,0.28940001130104065,REDSHIFT_HELIO,0.022255869582295418,X1,SHALLOW,0,109,False,False,False,False,False,11,12,12,12,56980.052,57051.058,False,False,False,2.2505663630854498,2.226131209252943,0.19362444364991066,2.4850822707053415,-0.11591824775203621,-0.5502980490439007,2.108352188078926,2.5074105771908743,1.5523897408926344,2.354561684400653,1.8639437458584267,71.00599999999395,20.99199999999837,24.986999999993714,20.986999999993714,2.0173949204006423
DES-SN5YR,1323773,CC,II,0.20999999344348907,REDSHIFT_HELIO,0.0065020308829844,C3,DEEP,0,102,False,False,False,False,False,6,8,6,6,57018.184,57067.04,False,False,False,1.9952709356034648,1.7293116239829618,0.9182557042389277,2.034828909539724,0.22993143293324317,-0.2137004596927412,1.4226855708330677,1.9332138807364838,1.4475496592316206,1.8608049910718012,1.4263842383783953,48.85599999999977,28.849999999998545,25.960999999995693,25.932999999997264,1.4356183427324383
DES-SN5YR,1303496,Ia,Ia,0.18020999431610107,REDSHIFT_HELIO,0.010907814837992191,C2,SHALLOW,0,90,False,False,False,False,False,9,17,13,14,56949.339,57067.099,False,False,False,2.589200927759644,2.3216989309061073,0.14720996442920783,2.6642563881408936,-0.33160896179847194,-0.1836994239960022,2.3599610572245657,2.7616647960336316,2.0538892459953164,2.6198922765697943,2.157754946173651,117.76000000000204,13.908000000003085,12.021999999997206,13.904999999998836,2.2838947655191673
DES-SN5YR,1291517,CC,Ic,0.22662000358104706,REDSHIFT_HELIO,0.005978919565677643,E2,SHALLOW,0,102,False,False,False,False,False,12,17,15,16,56887.211,57030.093,False,False,False,2.491585793126939,1.9298926310776339,1.284860522880331,2.572674135139484,0.09346816817499244,-0.13734297986844074,1.5408537731169825,2.525187368803561,1.9218555507969204,2.547170194065261,2.015304189202907,142.8819999999978,0.006999999997788109,0.00399999999353895,0.0020000000004074536,1.9482638216835615
DES-SN5YR,1304442,Ia,Ia,0.2176000028848648,REDSHIFT_HELIO,0.00710052577778697,C3,DEEP,0,31,False,False,False,False,False,4,4,2,6,56950.112,57066.06,False,False,False,2.4584262928486535,1.8925856963582663,0.19280294028161854,2.489029862910764,0.7354484262297691,0.17668082088644477,1.8034844246491675,2.316410724797502,1.9942222287760811,2.3883303638484663,2.089072791418669,115.94799999999668,11.180999999996857,6.201000000000931,40.10199999999895,1.8807172553373437
DES-SN5YR,1304678,Ia,Ia,0.2192700058221817,REDSHIFT_HELIO,0.010090808384120464,C1,SHALLOW,0,112,False,False,False,False,False,10,17,13,12,56927.237,57047.094,False,False,False,2.3743266819863056,2.137965536379118,0.1243803579132531,2.5502895020532153,-0.20589100408824568,-0.42800152858290175,2.1836797360748244,2.679436991048227,1.7888448598914688,2.498437359755829,2.0134603777966134,119.85699999999633,33.04099999999744,39.12000000000262,39.11800000000221,2.1235073577485837
DES-SN5YR,1297465,Ia,Ia,0.2783600091934204,REDSHIFT_HELIO,0.008164803497493267,C3,DEEP,0,99,False,False,False,False,False,13,21,22,18,56920.196,57066.064,False,False,False,2.166370879602801,1.8972242847752079,0.24032313420537654,2.3718249140849093,-0.018663531272586548,-0.535302019565866,1.867652842042896,2.3822872552658914,1.613820739933483,2.348162679145391,1.859461504351756,145.86799999999494,12.977999999995518,16.063999999998487,16.047999999995227,1.8977778146592619
DES-SN5YR,1315192,Ia,Ia,0.2280000001192093,REDSHIFT_HELIO,0.04924434423446655,S1,SHALLOW,0,107,False,False,False,False,False,8,10,11,9,56990.194,57052.1,False,False,False,2.42204784665123,2.3768996392643738,0.24916136697569882,2.6121372456641287,-0.0459585382628672,-0.4296857272153911,2.2752370503756136,2.6112770898194384,1.6892920932425803,2.5588897082162494,2.034457800841992,61.9059999999954,15.013999999995576,21.877999999996973,21.875999999996566,2.0990943923910423
DES-SN5YR,1293319,Ia,Ia,0.29789999127388,REDSHIFT_HELIO,0.026424705982208252,X2,SHALLOW,0,108,False,False,False,False,False,14,19,18,13,56891.406,57040.052,False,False,False,2.232691247758215,2.0095571148762277,0.20131847508972628,2.501127740801812,0.04239724351152574,-0.5259159239345012,1.915244891059396,2.476556283362603,1.7015189826971207,2.4731335338956697,1.9515006964393538,148.64600000000064,12.820999999996275,23.889999999999418,23.88799999999901,1.9624768190055872
DES-SN5YR,1291090,Ia,Ia,0.29291999340057373,REDSHIFT_HELIO,0.007263121660798788,E2,SHALLOW,0,98,False,False,False,False,False,14,20,19,14,56887.211,57037.076,False,False,False,2.2807604374357515,2.060390710148728,0.3257997076196028,2.518790209956932,-0.16993746428001733,-0.6209787490696695,1.99257181881485,2.5604805325072046,1.6806844488956374,2.4918377426635545,1.9634991107683992,149.86499999999796,24.891999999999825,15.913999999997031,15.911999999996624,2.0581882386534
DES-SN5YR,1298281,Ia,Ia,0.23600000143051147,REDSHIFT_HELIO,0.02924710139632225,S2,SHALLOW,0,96,False,False,False,False,False,7,14,10,11,56923.315,57011.073,False,False,False,2.247899653884485,2.013441869765378,0.23882256607756044,2.434521003215049,-0.004684670037779997,-0.400467205473207,2.0188306215210674,2.4519398787283073,1.6939752631102063,2.3681436470252395,1.882814635496937,87.75799999999435,8.90899999999965,8.906999999999243,8.904999999998836,1.9534395109290263
DES-SN5YR,1815065,Ia,Ia,0.13616999983787537,REDSHIFT_HELIO,0.06282851099967957,S1,SHALLOW,0,104,False,False,False,False,False,17,18,14,15,58021.291,58137.043,False,False,False,2.6204067638865336,2.469110285507919,0.28094167179583507,2.8535826263516726,-0.24743540617256965,-0.5581274207874966,2.281323909241802,2.946324507754777,2.099577873805891,2.816089433544704,2.350931368047265,115.75200000000041,14.983000000000175,14.978000000002794,18.97899999999936,2.4494168857754715
DES-SN5YR,1777356,Ia,Ia,0.1171099990606308,REDSHIFT_HELIO,0.006970785558223724,C1,SHALLOW,0,232,False,False,False,False,False,56,58,55,46,57986.385,58164.034,False,False,False,2.8393083065484532,2.2832989299416555,0.9608807677967346,2.8545610665739374,0.032144480472531746,-0.07365586115133228,1.949128426669188,2.854251355607769,2.3485844367126147,2.8493112770987707,2.3323955065374333,177.6489999999976,7.89600000000064,2.9839999999967404,0.8919999999998254,2.2927388513335236
DES-SN5YR,1892103,Ia,Ia,0.26684999465942383,REDSHIFT_HELIO,0.02617482654750347,X2,SHALLOW,0,111,False,False,False,False,False,8,8,8,9,58036.235,58136.063,False,False,False,2.226342071422994,2.193467230551,0.39621285163877423,2.35262622859253,0.0444177241193043,-0.3495344903756841,1.9643120831873073,2.3552982258537485,1.6087277364283818,2.0458703900643296,1.6494500841137643,99.82800000000134,65.8159999999989,65.80999999999767,65.80799999999726,1.750355511189545
DES-SN5YR,1774038,Ia,Ia,0.14758999645709991,REDSHIFT_HELIO,0.007084072567522526,E2,SHALLOW,0,101,False,False,False,False,False,14,16,12,7,57981.217,58127.05,False,False,False,2.479733621829948,2.386993725816431,0.43417426096459405,2.715259382840273,-0.29166447239668153,-0.5268537166991978,2.1698122984258785,2.8673437098638415,1.5556992101422664,2.6747114408485007,2.192451899709832,145.833000000006,0.005000000004656613,0.004000000000814907,0.0020000000004074536,2.320456018588818
DES-SN5YR,1891241,Ia,Ia,0.1899999976158142,REDSHIFT_HELIO,0.011856471188366413,C1,SHALLOW,0,100,False,False,False,False,False,16,17,15,14,58046.148,58164.034,False,False,False,2.5298664706715246,2.407764598179187,0.039118422532353904,2.7336305230034297,-0.3086970581470604,-0.5248174329174584,2.311086146786999,2.8849425629984435,2.00140101914138,2.7144848191947992,2.238378780633503,117.8859999999986,18.177999999999884,18.173000000002503,18.171000000002095,2.372934489110897
DES-SN5YR,1781043,CC,II,0.13500000536441803,REDSHIFT_HELIO,0.006517023779451847,C2,SHALLOW,0,99,False,False,False,False,False,13,28,9,26,57989.351,58167.036,False,False,False,2.268554563195665,1.8761499734135052,1.0156222560067443,2.3393918111062137,0.4339983504324699,-0.06955940259013456,1.5357273216172214,2.132419778556714,1.7355794235999953,2.1911798490351666,1.7138302598530675,177.68499999999767,39.8179999999993,51.78199999999924,57.8070000000007,1.6536908530478092
DES-SN5YR,1861178,Ia,Ia,0.29201000928878784,REDSHIFT_HELIO,0.019004836678504944,X1,SHALLOW,0,110,False,False,False,False,False,10,20,19,16,58015.178,58136.043,False,False,False,2.2798721943264146,2.0594632596573668,0.24163755708443976,2.5542104304054836,0.0368389673043726,-0.5983991907921472,2.0922892966053435,2.512977749106068,1.747475820010248,2.5228782963138707,2.0155132778697378,120.86499999999796,20.951999999997497,20.949000000000524,20.947000000000116,2.0219383074845423
DES-SN5YR,1770774,CC,II,0.10757999867200851,REDSHIFT_HELIO,0.009149918332695961,C3,DEEP,0,110,False,False,False,False,False,5,20,26,24,57986.386,58153.112,False,False,False,2.495141757688357,1.8119545162123571,1.1906772991010832,2.537567241777251,0.3596610847723391,-0.09532442999151058,1.7580090694663912,2.403395093284836,1.973397371286617,2.5197715546309576,2.0123551500957206,166.7260000000024,0.0,0.9060000000026776,0.8890000000028522,1.9010756919077272
DES-SN5YR,1774041,CC,II,0.147939994931221,REDSHIFT_HELIO,0.005745021626353264,E2,SHALLOW,0,101,False,False,False,False,False,12,16,19,22,57981.217,58127.05,False,False,False,2.343467675065307,2.0348216465953013,0.9690166600822498,2.4504492763789814,0.3189854013959189,-0.17902589286110998,1.6765434922975064,2.3189810695815076,1.8491437088000113,2.41705298253178,1.942335784763816,145.833000000006,4.02900000000227,0.004000000000814907,0.0020000000004074536,1.7999325560108586
DES-SN5YR,1879256,Ia,Ia,0.2502799928188324,REDSHIFT_HELIO,0.005513351876288652,E1,SHALLOW,0,104,False,False,False,False,False,7,13,17,14,58025.043,58133.052,False,False,False,2.282282163238238,2.0939295064540686,0.24516040385226612,2.4123093222145258,-0.07519833271329959,-0.36136671464571535,2.045250873749746,2.451033840151781,1.7315983909070276,2.3654692716105,1.9111056634951247,108.00900000000547,14.96600000000035,19.963999999999942,19.961999999999534,1.9890935189312768
DES-SN5YR,1948204,Ia,Ia,0.15000000596046448,REDSHIFT_HELIO,0.00673882057890296,C3,DEEP,0,47,False,False,False,False,False,6,6,6,4,58124.099,58161.055,False,False,False,2.736348689353742,2.817744252744904,-0.13957762581441982,2.906270380394578,-0.2764981629638572,-0.5505008706187597,2.8775278877084633,3.0239928246725047,2.3234416585638886,2.8923973921478163,2.4266181573510313,36.95599999999831,13.977999999995518,17.958999999995285,16.959999999999127,2.5762533679032154
DES-SN5YR,1913090,Ia,Ia,0.1501999944448471,REDSHIFT_HELIO,0.005635654553771019,E1,SHALLOW,0,63,False,False,False,False,False,6,9,9,9,58081.046,58133.054,False,False,False,2.4946276008700803,2.319147483270721,0.34876386350229505,2.5490400635860118,-0.07053067250835518,-0.14367482243344526,2.2294318140255966,2.5746099413401873,1.9298228809460256,2.4912832338926836,1.9871543545741837,52.007999999994354,18.06199999999808,18.059000000001106,18.0570000000007,2.069196806731618
DES-SN5YR,1899312,CC,II,0.12178000062704086,REDSHIFT_HELIO,0.023517783731222153,X3,DEEP,0,70,False,False,False,False,False,12,12,13,10,58028.21,58152.056,False,False,False,1.9227202562741947,1.833851761813359,0.03799055947741063,1.9718137595393934,0.21597470761210125,-0.09261113344150249,1.6857842713463158,1.8821316328875706,1.2021420204989877,1.7515100819772549,1.164015178780325,123.84599999999773,89.86100000000442,53.913000000000466,64.9210000000021,0.7492025618647319
DES-SN5YR,1780047,Ia,Ia,0.10312999784946442,REDSHIFT_HELIO,0.009712663479149342,C2,SHALLOW,0,124,False,False,False,False,False,26,25,23,15,57989.351,58167.026,False,False,False,2.9219932478383273,2.4988801991176035,0.9273350682889141,2.980171597466843,-0.08695183394983243,-0.1273230660421776,2.1431493703938873,3.0745970535195433,2.4647763046764326,2.970679209573438,2.485957261812532,177.67499999999563,9.041999999994005,4.94199999999546,0.0020000000004074536,2.4971419019489978
DES-SN5YR,1860025,Ia,Ia,0.23624999821186066,REDSHIFT_HELIO,0.010063453577458858,E1,SHALLOW,0,103,False,False,False,False,False,8,16,13,13,58014.066,58133.052,False,False,False,2.2548380110184647,2.0569248534631264,0.11652703544365837,2.4401846675390293,-0.0497964132802817,-0.5415101842003144,2.1480470866188495,2.4921175606187225,1.6161321131254023,2.4119461590084197,1.942582560819306,118.98600000000442,10.97899999999936,21.944000000003143,21.942000000002736,1.9572248217284838
DES-SN5YR,1774043,Ia,Ia,0.2693299949169159,REDSHIFT_HELIO,0.00588610116392374,E2,SHALLOW,0,102,False,False,False,False,False,8,16,13,7,57981.217,58127.05,False,False,False,1.9953192353175278,1.8073519130962288,0.8930844301709645,2.184861702066155,-0.09802361016400005,-0.5385037892602558,1.6466181266778346,2.2958748438761916,1.1572836441023484,2.1205443103725896,1.6910718235069129,145.833000000006,16.91700000000128,0.004000000000814907,0.0020000000004074536,1.7463451262492753
DES-SN5YR,1776365,CC,II,0.17000000178813934,REDSHIFT_HELIO,0.006711775436997414,C3,DEEP,0,108,False,False,False,False,False,19,27,27,26,57986.386,58161.05,False,False,False,1.9141791429261392,1.7053260537621233,0.15583044127149642,1.9632918662342032,0.23609583744172605,-0.13328476546269952,1.5334877517983267,1.8723019935967284,1.2876325632957129,1.8289239766219931,1.3639822670062698,174.6640000000043,70.85399999999936,89.91300000000047,70.8440000000046,1.3480178457983105
DES-SN5YR,1927242,Ia,Ia,0.2466599941253662,REDSHIFT_HELIO,0.00786159373819828,E2,SHALLOW,0,48,False,False,False,False,False,6,6,6,4,58093.054,58134.049,False,False,False,2.1177682747149866,2.085040710556027,0.19617529704801862,2.3553365603428067,-0.1242416758673976,-0.466801028212424,1.9542063166630845,2.3592471791260547,1.4169977082720364,2.2934222213922264,1.7994550907158804,40.99500000000262,14.056000000004133,14.051000000006752,14.048000000002503,1.8469577728274682
DES-SN5YR,1901059,Ia,Ia,0.2522900104522705,REDSHIFT_HELIO,0.017363227903842926,X1,SHALLOW,0,78,False,False,False,False,False,11,12,12,12,58064.051,58136.048,False,False,False,2.3712156854251116,2.328254698928645,0.1473617839939084,2.5793033060988764,-0.10189568690821453,-0.5099020048380621,2.1850956044617242,2.6143276127317177,1.744493454752877,2.4742133287017665,1.9826989841726959,71.99700000000303,12.080999999998312,18.014999999999418,12.074000000000524,2.0864917794347644
DES-SN5YR,1879649,CC,IIb,0.12020000070333481,REDSHIFT_HELIO,0.011556887999176979,C1,SHALLOW,0,102,False,False,False,False,False,14,18,18,18,57999.355,58154.095,False,False,False,2.6672661079764084,2.3730503015224484,0.12153668492206657,2.7265560470024135,0.06887451072039184,-0.1337674187422897,2.414463824978932,2.6958842554690743,2.236346742500746,2.7039264261091476,2.2997005387182203,154.73999999999796,71.95699999999488,71.9539999999979,71.9519999999975,2.2718513504770623
DES-SN5YR,1777284,CC,II,0.23000000417232513,REDSHIFT_HELIO,0.02672603540122509,S2,SHALLOW,0,105,False,False,False,False,False,4,18,24,21,57986.301,58134.096,False,False,False,2.0710715454825066,1.623592681400909,1.0161495782861727,2.0402462114335296,0.49801278328271836,0.07155976380371788,1.373922947482063,1.8677207792364927,1.4581087402724793,1.9437467085645643,1.478062533217498,147.79499999999825,10.059000000001106,22.006999999997788,28.934000000001106,1.2856840581370594
DES-SN5YR,1922455,Ia,Ia,0.199630007147789,REDSHIFT_HELIO,0.023119240999221802,X3,DEEP,0,55,False,False,False,False,False,7,8,9,7,58071.134,58152.057,False,False,False,2.2783419858181917,2.113431923689651,0.6659623683439785,2.3664976555907336,0.018995233512494582,-0.3057933246269451,1.8358218767996577,2.3407612990196256,1.6964555918911657,2.300749773542277,1.8083346438192314,80.9230000000025,28.947000000000116,36.955000000001746,35.99000000000524,1.7985626901251026
DES-SN5YR,1870078,CC,II,0.10322999954223633,REDSHIFT_HELIO,0.006884376518428326,C3,DEEP,0,109,False,False,False,False,False,15,20,20,18,58028.247,58161.05,False,False,False,2.4999481339289806,2.0711651992489726,0.5980561373629756,2.6141481593353055,0.2685310755663053,-0.285332512416889,1.815320014597383,2.531095562476287,1.9300675080738783,2.5875908824752787,2.090486932002993,132.80299999999988,17.070999999996275,12.902999999998428,17.039999999993597,1.983363781082775
DES-SN5YR,1850188,CC,II,0.13891999423503876,REDSHIFT_HELIO,0.01763407327234745,X1,SHALLOW,0,110,False,False,False,False,False,18,20,20,19,58015.178,58136.045,False,False,False,2.4565785950504577,2.305164282581847,-0.025511170705165582,2.4581088113860408,0.15379395288727243,-0.05223912960192179,2.067992382573065,2.399206293270892,1.4569421813616674,2.035229544129266,1.4854729144190972,120.86699999999837,0.006999999997788109,41.89300000000367,29.137000000002445,1.554443848981163
DES-SN5YR,1922067,Ia,Ia,0.19869999587535858,REDSHIFT_HELIO,0.01718287169933319,X1,SHALLOW,0,56,False,False,False,False,False,8,8,8,8,58092.034,58136.048,False,False,False,2.5718485230595327,2.7153796447138268,0.023039596364972027,2.7677122972690005,-0.25826511643899297,-0.5214051829843293,2.656073521755093,2.8649143324027406,1.8645873494641574,2.477916714665486,2.074059513187262,44.01400000000285,9.01600000000326,17.01299999999901,17.010999999998603,2.228294202082051
DES-SN5YR,1872027,Ia,Ia,0.19678999483585358,REDSHIFT_HELIO,0.009756960906088352,C1,SHALLOW,0,124,False,False,False,False,False,9,17,15,13,58004.373,58154.091,False,False,False,2.346919912728542,2.12119086788805,0.8767969886358462,2.418351014825488,-0.3241130921313543,-0.2873311114655295,1.9581644925760917,2.7011619922924055,1.7158601117677745,2.364062956690999,1.9114250492976348,149.71800000000076,23.81300000000192,31.99199999999837,0.0,2.1019308818169997
DES-SN5YR,1879525,Ia,Ia,0.22262999415397644,REDSHIFT_HELIO,0.007430468685925007,E1,SHALLOW,0,170,False,False,False,False,False,21,33,34,32,57998.129,58134.049,False,False,False,2.3872652027440906,2.2319879751017098,0.19330221867592068,2.4961959855887743,-0.05738555337237966,-0.2884456757555787,2.0933608082320005,2.52591254594106,1.764081957078358,2.459332166387845,1.9584882060195057,135.91999999999825,65.89199999999983,65.90299999999843,58.887000000002445,1.971711876981424
DES-SN5YR,1879208,Ia,Ia,0.1951500028371811,REDSHIFT_HELIO,0.010361878201365471,C1,SHALLOW,0,116,False,False,False,False,False,17,22,21,18,57994.275,58164.037,False,False,False,2.5012510419155642,2.3040309401168075,0.029940438305056074,2.683119102232553,-0.25592769296642415,-0.5175642149958831,2.280982662421534,2.7958522368769025,1.9375879853203208,2.6584397395610337,2.1828808704703486,169.76199999999517,51.87999999999738,58.84700000000157,58.845000000001164,2.2868370126592783
DES-SN5YR,1773098,CC,II,0.1265999972820282,REDSHIFT_HELIO,0.007752824109047651,E2,SHALLOW,0,101,False,False,False,False,False,9,16,20,23,57981.219,58127.052,False,False,False,2.282009982725704,1.825009229336388,1.3097410002789185,2.2642982443055466,0.6101066205690278,0.07143902849734174,1.361885162191737,2.0156949898048375,1.719148055114708,2.191895137370721,1.7205561543390666,145.833000000006,9.035000000003492,0.0020000000004074536,0.0,1.4797025674021316
DES-SN5YR,1879426,Ia,Ia,0.22990000247955322,REDSHIFT_HELIO,0.007987242192029953,C3,DEEP,0,104,False,False,False,False,False,19,20,19,17,58036.281,58161.055,False,False,False,2.416673767054473,2.2659033811728873,0.06034380080398531,2.6620869978215715,-0.19966751022866533,-0.589123620097809,2.1291780044789843,2.7407573233077707,1.8982494958946727,2.642293349955518,2.151110263804854,124.77399999999761,15.868999999998778,16.82600000000093,20.949000000000524,2.241226518440559
DES-SN5YR,1878268,Ia,Ia,0.28766000270843506,REDSHIFT_HELIO,0.00541509035974741,E2,SHALLOW,0,91,False,False,False,False,False,5,9,10,9,58036.019,58107.102,False,False,False,2.0531552900624126,1.8118973258314441,0.761103806077309,2.140853573656688,0.3246204335045016,-0.2780545631898905,1.597947353944642,2.0396916604394235,1.4415335650046968,2.0485039446924,1.5529132498521379,71.08299999999872,4.025000000001455,4.019999999996799,8.998999999996158,1.5268818110388798
DES-SN5YR,1861176,CC,II,0.13835999369621277,REDSHIFT_HELIO,0.017265763133764267,X1,SHALLOW,0,111,False,False,False,False,False,17,19,20,20,58015.185,58136.048,False,False,False,2.0843259961082885,1.9774200960914046,0.12059023409245997,2.1706136890607794,0.18207121671505677,-0.16627200109370066,1.7544337807682975,2.1076169393020043,1.2514769895515396,1.8613312111045885,1.2620975450674887,120.86300000000483,81.87200000000303,9.97500000000582,10.967000000004191,1.2314651526623015
DES-SN5YR,1878148,Ia,Ia,0.22540000081062317,REDSHIFT_HELIO,0.062157440930604935,S1,SHALLOW,0,96,False,False,False,False,False,11,17,16,16,58036.264,58137.048,False,False,False,2.4147561382648024,2.2150450586310835,0.16382093247775895,2.569490961491664,-0.0936068271130509,-0.4046707186483103,2.1769235206266355,2.6161392836102233,1.830461527831711,2.5248347457778313,2.0268175470443097,100.78399999999965,8.998999999996158,16.01199999999517,16.008999999998196,2.098588068945586
DES-SN5YR,1861397,CC,II,0.157150000333786,REDSHIFT_HELIO,0.007915327325463295,C3,DEEP,0,109,False,False,False,False,False,20,22,21,19,58019.279,58161.05,False,False,False,2.52826089642499,2.315627560299887,0.02438737579385524,2.589323948179807,0.048456788238642544,-0.17093540138314517,2.0852104537460723,2.5793262107381927,1.9266620116625204,2.5764150726789845,2.044491008210282,141.77100000000064,17.023000000001048,17.87399999999616,9.040999999997439,2.0213909082771617
DES-SN5YR,1773078,Ia,Ia,0.272350013256073,REDSHIFT_HELIO,0.007611553184688091,E2,SHALLOW,0,99,False,False,False,False,False,14,21,19,19,57981.217,58127.05,False,False,False,2.372967204141065,2.1348772861401883,0.11094627968159179,2.5515109752162055,-0.06738635649292639,-0.5115635958811002,2.1181437466089075,2.585393044731518,1.81826483049551,2.526490462106859,2.0997177865324597,145.833000000006,0.006000000001222361,9.03200000000652,4.024000000004889,2.1372523967820505
DES-SN5YR,1901115,Ia,Ia,0.29978999495506287,REDSHIFT_HELIO,0.02308407984673977,X2,SHALLOW,0,77,False,False,False,False,False,6,13,12,12,58057.08,58136.063,False,False,False,2.1555485993864765,1.8467594997273247,0.5522637479313579,2.2558752733914664,0.14760371891773613,-0.317884137629744,1.8347141609448145,2.1988769322740245,1.5312348225221235,2.1571302416923364,1.7002142916766627,78.98300000000017,13.994999999995343,13.99199999999837,13.989999999997963,1.7058293151582702
DES-SN5YR,1913027,CC,Ibc,0.0907600000500679,REDSHIFT_HELIO,0.009300876408815384,C1,SHALLOW,0,75,False,False,False,False,False,12,13,12,12,58071.307,58164.037,False,False,False,2.7997677368390814,2.53320880980453,0.6468380044123232,2.886011058163555,0.08967463500323253,-0.2202638564149586,2.2256884828019703,2.8655421896006406,2.1559964757388626,2.7690226696226192,2.2781338753792904,92.72999999999593,27.786000000000058,27.78299999999581,27.781000000002678,2.2981471037330135
DES-SN5YR,1915237,Ia,Ia,0.1599999964237213,REDSHIFT_HELIO,0.010043584741652012,C2,SHALLOW,0,75,False,False,False,False,False,13,13,13,12,58082.252,58167.036,False,False,False,2.715485226124606,2.5297209870550694,-0.06387670593998422,2.8327706706811164,-0.2918462755471598,-0.4033356930983379,2.4489709981699135,2.9621324692982354,2.1371550801051065,2.784214884046975,2.3119163988204,84.78399999999965,10.926999999996042,16.93699999999808,16.93499999999767,2.443041488843429
DES-SN5YR,1776176,CC,II,0.08410000056028366,REDSHIFT_HELIO,0.055050529539585114,S1,SHALLOW,0,102,False,False,False,False,False,18,22,25,25,57986.321,58137.048,False,False,False,2.446397365382137,2.3147782670417256,0.07042555814687326,2.487265669240154,0.12802901480429846,-0.0997910341302759,2.1095249354200374,2.450079692189837,1.928037432746748,2.444907833414967,2.008400004650285,150.72699999999895,70.88799999999901,58.93999999999505,0.001999999993131496,1.8836827454125233
DES-SN5YR,1867019,Ia,Ia,0.2219099998474121,REDSHIFT_HELIO,0.007519044913351536,E1,SHALLOW,0,104,False,False,False,False,False,13,17,16,14,58014.064,58133.05,False,False,False,2.35881018522139,2.0896663987592214,0.2919230791857757,2.4827592997345778,-0.024955604798833686,-0.519817848874745,1.9418453781188496,2.4918237426278407,1.6951132826790696,2.436084711336235,1.9428124240802978,118.98600000000442,21.95100000000093,30.9429999999993,25.93800000000192,1.97522566310771
DES-SN5YR,1770181,Ia,Ia,0.22752000391483307,REDSHIFT_HELIO,0.00751951988786459,E2,SHALLOW,0,99,False,False,False,False,False,9,17,8,8,57981.217,58093.056,False,False,False,2.151676240193744,1.862914966758362,0.9590855463804864,2.2647470112352175,-0.12749683784374855,-0.2607001263449903,1.6824860432294122,2.378270669783388,1.585097134746053,2.1032048736020212,1.6738203651729193,111.83899999999994,13.109000000004016,4.026000000005297,0.0020000000004074536,1.8088757033828915
DES-SN5YR,1339392,Ia,Ia,0.18190999329090118,REDSHIFT_HELIO,0.009806477464735508,C2,SHALLOW,0,100,False,False,False,False,False,8,9,9,10,57356.168,57426.15,False,False,False,2.630753227165639,2.6093399017871617,0.024765033177754442,2.8288338498121814,-0.25374900961175134,-0.47001125499488594,2.537155510809377,2.905866011851882,1.997056043792043,2.7740810093112422,2.267833085141932,69.98200000000361,16.061000000001513,16.060000000004948,16.05800000000454,2.4105647645209736
DES-SN5YR,1332279,CC,II,0.06955999881029129,REDSHIFT_HELIO,0.012503087520599365,C2,SHALLOW,0,99,False,False,False,False,False,19,20,21,19,57276.354,57426.15,False,False,False,2.889083091094593,2.483137298164198,0.038081868360619074,2.960413694684182,0.33071187076243896,-0.08064549968700445,2.275981168323307,2.6651117370750512,2.122542795662902,2.9486970252339386,2.27655568851272,149.7960000000021,99.70799999999872,38.91100000000006,48.84599999999773,2.1164290266043864
DES-SN5YR,1281640,CC,II,0.22599999606609344,REDSHIFT_HELIO,0.004821752198040485,E2,SHALLOW,0,107,False,False,False,False,False,5,19,15,20,57248.375,57356.127,False,False,False,2.029058942647005,1.6605434558558352,0.5745488089364734,1.9565909843984395,-0.08127285978753125,0.3499536632305977,1.540797310252384,2.002105559072267,1.3370775139303543,1.764572123137155,1.1403576093019938,107.75200000000041,39.69799999999668,38.699000000000524,0.0,1.2783982566309957
DES-SN5YR,1308884,Ia,Ia,0.07699999958276749,REDSHIFT_HELIO,0.007917547598481178,C3,DEEP,0,99,False,False,False,False,False,20,23,21,23,57276.324,57426.118,False,False,False,3.1477072262344037,2.8052522999527616,0.26821921182904934,3.1930967648694315,-0.30778196254365847,-0.2101805614356445,2.5242173757190955,3.316075234838397,2.629147951617254,3.183572754787013,2.7021243053923674,149.7940000000017,15.855999999999767,15.902999999998428,21.021999999997206,2.83925966557751
DES-SN5YR,1277787,CC,II,0.129380002617836,REDSHIFT_HELIO,0.04426410794258118,S1,SHALLOW,0,106,False,False,False,False,False,6,17,21,18,57249.388,57401.065,False,False,False,2.3093746353177815,1.8502424885471398,1.1612443800480903,2.317143656914539,0.371943316952715,-0.0730526697518645,1.6581243229280525,2.1627734424795437,1.783683927297631,2.2430926406851173,1.8108278908580078,151.67700000000332,8.976999999998952,0.004999999997380655,0.0030000000042491592,1.7027883515063016
DES-SN5YR,1289664,Ia,Ia,0.25999999046325684,REDSHIFT_HELIO,0.02813684195280075,S2,SHALLOW,0,101,False,False,False,False,False,13,19,18,19,57265.288,57396.103,False,False,False,2.4119898788419327,2.1020542014827455,0.17976124123012271,2.5119234462190825,-0.027688704475115074,-0.36700250782434746,1.9666542796597248,2.5431364147862197,1.8501048394123851,2.4814354603365945,2.0218045102163233,130.81500000000233,12.027000000001863,12.023999999997613,12.021999999997206,2.061351491667024
DES-SN5YR,1283373,Ia,Ia,0.20796999335289001,REDSHIFT_HELIO,0.011962473392486572,C1,SHALLOW,0,118,False,False,False,False,False,12,22,18,16,57255.41,57401.138,False,False,False,2.352066695518848,2.0912863637513266,0.2944549349845568,2.5301100022314107,-0.2999513699431196,-0.577584531149296,1.9971339887484032,2.6245399138793952,1.7051836216326914,2.5077034283626296,1.9789755530355748,145.72799999999552,9.960999999995693,9.95799999999872,9.955999999998312,2.113651670691428
DES-SN5YR,1327978,Ia,Ia,0.20785999298095703,REDSHIFT_HELIO,0.006157828029245138,E2,SHALLOW,0,105,False,False,False,False,False,9,17,16,15,57291.083,57403.051,False,False,False,2.6008966890145886,2.3145811963508094,0.23679284172411744,2.6577727077355213,-0.1413538863807031,-0.3307834371254488,2.2794983737194934,2.6915058593098244,1.9604690603234225,2.6064114635539397,2.1309372186834676,111.96800000000076,9.970000000001164,9.968000000000757,13.983000000000175,2.1987432611407156
DES-SN5YR,1334551,CC,II,0.07999999821186066,REDSHIFT_HELIO,0.01788616180419922,X1,SHALLOW,0,102,False,False,False,False,False,12,17,17,15,57325.068,57637.239,False,False,False,2.6450487286080766,2.3896744236846104,0.22227251836918033,2.665261956946114,0.17379364801859587,-0.11761292776384624,2.3714111596965095,2.5924432393939005,2.1638791234585897,2.641974552667264,2.2616143850546075,312.1710000000021,70.03199999999924,53.99500000000262,62.97699999999895,2.19304388039029
DES-SN5YR,1334267,CC,Ibc,0.12054000049829483,REDSHIFT_HELIO,0.011555816978216171,C1,SHALLOW,0,90,False,False,False,False,False,8,13,16,13,57286.255,57425.151,False,False,False,2.5012647073755345,2.1780480707332286,0.7145614468202524,2.5530694630437942,0.24585377766588035,-0.1477134436218128,1.9458703223005087,2.4603866127959213,1.8853662455637565,2.4687430173474945,1.9600422163825475,138.89600000000064,53.04500000000553,53.04500000000553,53.04200000000128,1.903204868797817
DES-SN5YR,1317523,CC,II,0.10520000010728836,REDSHIFT_HELIO,0.005571433808654547,E1,SHALLOW,0,114,False,False,False,False,False,17,21,20,23,57287.063,57407.048,False,False,False,2.474493078562599,2.321316580885929,0.031073200655840322,2.596135053694553,0.13189811448198133,-0.2804620184232987,2.1507858617667366,2.530878151897066,1.73593747511827,2.4121243856489407,1.8295815761316334,119.98500000000058,17.993999999998778,13.973999999994703,13.972000000001572,1.8827848117830601
DES-SN5YR,1331123,Ia,Ia,0.22247999906539917,REDSHIFT_HELIO,0.00701012322679162,E1,SHALLOW,0,109,False,False,False,False,False,8,14,15,15,57287.063,57394.059,False,False,False,2.3207277241109896,2.1844340545205148,0.1714741816548415,2.4864446619376044,-0.10491356513844402,-0.41735047112044,2.2263017833618175,2.54297472283418,1.7268795651578226,2.435804579022838,1.968872258051098,106.99599999999919,28.093000000000757,28.947000000000116,28.94499999999971,2.0519352912484705
DES-SN5YR,1334084,Ia,Ia,0.13431000709533691,REDSHIFT_HELIO,0.033915262669324875,S2,SHALLOW,0,96,False,False,False,False,False,10,11,11,11,57325.106,57403.104,False,False,False,2.6428798330198426,2.5560387699751246,0.15485839906362103,2.848090559065822,-0.15628671734854135,-0.4372695327720173,2.4270537101420584,2.9235910993310736,2.14158896580301,2.80627837610947,2.330780649593625,77.99799999999959,4.069000000003143,14.01600000000326,14.014000000002852,2.421915971354494
DES-SN5YR,1330426,Ia,Ia,0.25999999046325684,REDSHIFT_HELIO,0.008527898229658604,C2,SHALLOW,0,100,False,False,False,False,False,17,19,17,17,57297.174,57426.145,False,False,False,2.400917725181537,2.285874718421956,0.019913025640246107,2.5920323333762756,-0.22609044807956255,-0.5315109076521691,2.2130736278776206,2.675934085672018,1.8048823515211376,2.546553761356934,2.0593931093671354,128.97099999999773,14.088999999999942,20.0,18.088999999999942,2.2003249328900014
DES-SN5YR,1334087,Ia,Ia,0.26721999049186707,REDSHIFT_HELIO,0.03083738125860691,S2,SHALLOW,0,96,False,False,False,False,False,10,13,11,12,57303.169,57403.104,False,False,False,2.3473690596073946,2.2169085455101785,0.14279858125429928,2.5412047059304435,-0.10590994385663813,-0.4112219662157007,2.114052921673064,2.5645240431658967,1.8326584425960875,2.449067837458577,1.9959368371580508,99.93499999999767,42.06499999999505,35.95300000000134,35.95100000000093,2.083217732162995
DES-SN5YR,1336687,Ia,Ia,0.23479999601840973,REDSHIFT_HELIO,0.02428700029850006,X2,SHALLOW,0,100,False,False,False,False,False,7,11,11,10,57331.056,57403.066,False,False,False,2.4077986701692096,2.1983563739147667,0.47180321729596103,2.4899022444240155,-0.0457820237553033,-0.33221641054663587,2.041614291030405,2.510719235758763,1.7391155181011122,2.455006343892336,1.943359698810328,72.01000000000204,14.018000000003667,25.044000000001688,25.04200000000128,2.002187602845532
DES-SN5YR,1330031,Ia,Ia,0.10643000155687332,REDSHIFT_HELIO,0.005971602629870176,E2,SHALLOW,0,97,False,False,False,False,False,17,18,17,17,57291.079,57403.052,False,False,False,3.081707270097349,2.920188486783121,-0.06803264491019975,3.176004377332234,-0.46545523325932175,-0.3687640865730186,2.8257769896685807,3.361784488648577,2.519729692248759,3.148246235303253,2.647415464217784,111.97300000000541,19.949000000000524,19.94600000000355,24.086999999999534,2.82761925620529
DES-SN5YR,1333483,Ia,Ia,0.27358001470565796,REDSHIFT_HELIO,0.008178598247468472,C3,DEEP,0,109,False,False,False,False,False,5,9,6,10,57317.161,57395.159,False,False,False,1.8964986497665637,1.5229236216375366,0.9960381569915305,1.9869015524741727,0.27562048019840085,-0.06611686375619474,1.2884906914188619,1.896862280196439,1.4581450606654296,1.8719288558872165,1.427144218102777,77.99799999999959,14.080999999998312,14.05399999999645,12.03399999999965,1.3891527018115086
DES-SN5YR,1282757,Ia,Ia,0.2800999879837036,REDSHIFT_HELIO,0.02668953686952591,X2,SHALLOW,0,108,False,False,False,False,False,17,23,26,22,57249.279,57403.066,False,False,False,2.475177066086244,2.1976767272583118,0.04830743945016366,2.646540967716971,-0.04262734936574422,-0.48446290674962816,2.14352433268768,2.6881972780665557,1.9409276002588272,2.6242016399589936,2.1274399604150074,153.78699999999662,24.055999999996857,36.953999999997905,24.051999999996042,2.15447175566775
DES-SN5YR,1334620,Ia,Ia,0.1972000002861023,REDSHIFT_HELIO,0.02500850148499012,X2,SHALLOW,0,99,False,False,False,False,False,6,13,13,10,57319.267,57427.066,False,False,False,2.3002040406293895,2.1851290077493193,0.37509332172558496,2.506951255882028,-0.06887442082075106,-0.5564816286911073,2.155260109274284,2.517090299316634,1.7126750630079721,2.4522971369515485,1.9941474144572493,107.79899999999907,11.794000000001688,19.885999999998603,19.883999999998196,2.0576449166432558
DES-SN5YR,1334644,Ia,Ia,0.2890999913215637,REDSHIFT_HELIO,0.020300045609474182,X2,SHALLOW,0,95,False,False,False,False,False,7,9,13,9,57286.228,57403.066,False,False,False,2.228631287766031,2.1301507154872557,0.1905747544226743,2.3592091882867234,-0.08845287226250553,-0.27673538489677374,2.0663594705038495,2.3810970322717573,1.720577859845103,2.3026923258135574,1.8197283131780166,116.8379999999961,40.841999999996915,44.82999999999447,44.82799999999406,1.9042417605144195
DES-SN5YR,1306318,CC,II,0.06199999898672104,REDSHIFT_HELIO,0.01107537280768156,C2,SHALLOW,0,110,False,False,False,False,False,22,24,24,24,57276.356,57426.15,False,False,False,2.9572001064861824,2.740836932252469,-0.12480010898413162,2.98553424399321,-0.14052178663829334,-0.06029307478468447,2.6293473184994434,3.049024097915049,2.4652050864893362,2.963803871847631,2.5046194400368087,149.7940000000017,11.860999999997148,11.85899999999674,11.857000000003609,2.5552439682280226
DES-SN5YR,1344713,CC,II,0.0678199976682663,REDSHIFT_HELIO,0.009760798886418343,C1,SHALLOW,0,107,False,False,False,False,False,7,18,14,14,57385.148,57696.079,False,False,False,2.5173806841315343,2.145875315111289,0.09426569818409433,2.5683777465570072,0.011672496219304128,-0.1641433512057538,2.397054376538042,2.554840340463959,2.0691061179634267,2.5446049901998906,2.1686064182850116,310.93099999999686,22.92399999999907,22.921000000002095,15.989999999997963,2.152083331779187
DES-SN5YR,1336662,Ia,Ia,0.18199999630451202,REDSHIFT_HELIO,0.00777538912370801,C2,SHALLOW,0,216,False,False,False,False,False,23,26,23,27,57315.263,57633.315,False,False,False,2.629052631500919,2.499956532084171,0.11662060128197295,2.763398057640404,-0.2771955294846868,-0.31827294159953307,2.37784719656647,2.874893316446127,2.035227098685086,2.714872725686153,2.204496610201511,318.0520000000033,40.91100000000006,40.88100000000122,40.815999999998894,2.3270974664045503
DES-SN5YR,1277168,Ia,Ia,0.12999999523162842,REDSHIFT_HELIO,0.018507977947592735,X1,SHALLOW,0,105,False,False,False,False,False,21,24,22,20,57248.419,57402.051,False,False,False,2.9553702226418443,2.6229534542240867,0.028943495259453923,3.089799155791482,-0.5498829016619932,-0.3184570461545462,2.5149191505422435,3.2880031654947364,2.4189890249326225,3.078206954806594,2.529124365478144,153.6319999999978,0.006999999997788109,0.004000000000814907,0.0020000000004074536,2.7143371396573834
DES-SN5YR,1289288,Ia,Ia,0.29093000292778015,REDSHIFT_HELIO,0.005497418809682131,E2,SHALLOW,0,105,False,False,False,False,False,6,15,16,6,57265.225,57366.041,False,False,False,2.136815653858027,1.915475463211671,0.46550304665692577,2.327951200865503,0.03922841966049381,-0.4741889748207548,1.9115943484471907,2.3037358890399062,1.4485489760099188,2.263974364443456,1.785038228148147,100.8159999999989,8.095000000001164,8.093000000000757,8.09100000000035,1.8274635515406852
DES-SN5YR,1336975,Ia,Ia,0.11088000237941742,REDSHIFT_HELIO,0.011009507812559605,C1,SHALLOW,0,110,False,False,False,False,False,14,12,14,12,57302.32,57425.154,False,False,False,3.0477809437376893,2.9334720947119117,0.07963867774583884,3.154971456386146,-0.42900582704024803,-0.1671907958120353,2.7267937206728377,3.3200215700711473,2.5294115509786534,3.1278314871662447,2.61283333951024,122.83400000000256,52.92500000000291,52.92199999999866,52.919999999998254,2.7872020424330564
DES-SN5YR,1275946,Ia,Ia,0.2329999953508377,REDSHIFT_HELIO,0.00833601038902998,E2,SHALLOW,0,105,False,False,False,False,False,18,23,24,24,57248.375,57396.049,False,False,False,2.446847691208538,2.252274147914693,0.13237447188057935,2.6672474304694416,-0.2151293592100241,-0.530454144712859,2.129542028638356,2.738780558484369,1.85984528259798,2.6468231124205275,2.1186568664345216,147.67399999999907,8.857000000003609,16.851999999998952,16.849999999998545,2.219190346921604
DES-SN5YR,1338843,Ia,Ia,0.13009999692440033,REDSHIFT_HELIO,0.010493231937289238,C1,SHALLOW,0,81,False,False,False,False,False,4,8,8,7,57319.149,57408.072,False,False,False,2.6705705302257834,2.4202471168890187,0.6954377389683004,2.734487781580353,0.07839825809583638,-0.3048166122902672,2.2762974812862637,2.7411752670959975,2.0699012535699963,2.625085965510483,2.189330068672177,88.9230000000025,46.041000000004715,46.038000000000466,46.03600000000006,2.244738942607698
DES-SN5YR,1317164,Ia,Ia,0.1555500030517578,REDSHIFT_HELIO,0.01880740001797676,X1,SHALLOW,0,99,False,False,False,False,False,17,16,16,15,57248.419,57402.051,False,False,False,2.627109711211139,2.2018218264588674,0.05006672996386877,2.760181136140048,0.1760964715897778,-0.288341997581337,2.0692836457353727,2.6638610604911497,2.060604919081608,2.7418462234638463,2.219863670668889,153.6319999999978,37.79799999999523,48.74399999999878,56.86200000000099,2.1583768069591565
DES-SN5YR,1279500,Ia,Ia,0.2356799989938736,REDSHIFT_HELIO,0.022016597911715508,X3,DEEP,0,94,False,False,False,False,False,17,21,22,20,57249.293,57401.045,False,False,False,2.3534738253792615,2.014940953857993,0.1410485114886118,2.57562654355512,-0.10195385712580982,-0.7368839355167045,1.9169556116356514,2.613979173397997,1.7821718467487817,2.5633778449748887,2.082141762945478,151.7520000000004,0.04800000000250293,4.080000000001746,4.059000000001106,2.110228577000848
DES-SN5YR,1284587,Ia,Ia,0.1485999971628189,REDSHIFT_HELIO,0.006736405659466982,C2,SHALLOW,0,103,False,False,False,False,False,11,18,13,17,57256.281,57376.062,False,False,False,2.507653521700884,2.1198526176637253,0.2889780493886952,2.592942486687154,-0.0011734499163103622,-0.2870655484619335,2.061025921502854,2.617922504536582,1.9839708887202354,2.524477914370685,2.0730901016197554,119.7809999999954,9.99699999999575,20.076999999997497,20.07499999999709,2.107290228966569
DES-SN5YR,1347120,Ia,Ia,0.18000000715255737,REDSHIFT_HELIO,0.008320571854710579,C3,DEEP,0,62,False,False,False,False,False,3,1,3,2,57394.093,57660.218,False,False,False,2.4406572383788347,2.642038928073436,0.46126097972188984,2.6397354399672364,-0.2935344735368723,-0.7386290807905443,2.458058400881108,2.642038928073436,2.0282661572667475,2.3818548342243684,2.0103862308367777,266.125,6.98399999999674,9.944999999999709,8.016999999999825,0.0
DES-SN5YR,1345899,Ia,Ia,0.06706000119447708,REDSHIFT_HELIO,0.006141987629234791,C3,DEEP,0,100,False,False,False,False,False,18,21,15,15,57359.219,57701.15,False,False,False,3.3983393843891303,2.808569195651832,0.024732970674573848,3.416623851133917,-0.6079847203764753,-0.0011618673517686433,2.8287594315526476,3.64484217734554,2.929892360697902,3.4149472732478037,2.9226483398032754,341.93100000000413,41.85599999999977,44.82600000000093,48.87299999999959,3.1296543373209147
DES-SN5YR,1319366,Ia,Ia,0.23571999371051788,REDSHIFT_HELIO,0.026974380016326904,S2,SHALLOW,0,102,False,False,False,False,False,14,19,19,18,57284.324,57403.104,False,False,False,2.4375285805907976,2.3482685794856244,0.18153831123804598,2.6506183233373886,-0.11703871651945735,-0.5481142518020042,2.2021764321385997,2.6925561295588882,1.890786093411106,2.609864298570078,2.1498583405541387,118.77999999999884,18.84900000000198,19.885999999998603,19.883999999998196,2.2341923616873873
DES-SN5YR,1283923,Ia,Ia,0.14714999496936798,REDSHIFT_HELIO,0.005298121366649866,E1,SHALLOW,0,218,False,False,False,False,False,20,29,17,29,57252.215,57403.052,False,False,False,2.5815742303782163,2.2640065054348684,0.16735960447101045,2.694535016036838,-0.09680487069008079,-0.3449900251202184,2.169771384017471,2.6996990036992683,1.9887413421092721,2.6373195941255902,2.10670088582121,150.8370000000068,13.015000000006694,13.012000000002445,13.010000000002037,2.204767948885735
DES-SN5YR,1336453,Ia,Ia,0.18579000234603882,REDSHIFT_HELIO,0.026728885248303413,S2,SHALLOW,0,95,False,False,False,False,False,10,9,9,9,57339.117,57428.056,False,False,False,2.5426387349136235,2.5471290025117175,0.038685429516452506,2.7377808406794593,-0.2767821548911554,-0.45998583987825903,2.399557954067963,2.8687560844107898,1.9224966557819814,2.631717642310619,2.1371876805362375,88.93899999999849,16.099999999998545,16.09700000000157,16.095000000001164,2.3060158608605144
DES-SN5YR,1336480,Ia,Ia,0.2569499909877777,REDSHIFT_HELIO,0.029965324327349663,S2,SHALLOW,0,93,False,False,False,False,False,8,9,9,9,57339.117,57637.274,False,False,False,2.247506818153149,2.074852192140905,0.2608545005848936,2.37670468530804,-0.049177647001852266,-0.4267328035266996,1.9377541601717314,2.4183676049219094,1.6113857788760944,2.2813743231559083,1.8237752952588393,298.15699999999924,6.11699999999837,16.09700000000157,16.095000000001164,1.911470546130057
DES-SN5YR,1273127,Ia,Ia,0.19023999571800232,REDSHIFT_HELIO,0.006919021252542734,E1,SHALLOW,0,121,False,False,False,False,False,6,8,6,7,57248.403,57339.025,False,False,False,2.320270940988134,2.3936537255175225,0.3403930829464553,2.5529965366246046,-0.2796186947015221,-0.46660048743304894,2.180313249421594,2.6264430315962985,1.662717919704077,2.3819809785939237,1.9323918371491473,90.62200000000303,0.0070000000050640665,0.005000000004656613,0.0030000000042491592,2.0829671238497083
DES-SN5YR,1335573,CC,II,0.08225999772548676,REDSHIFT_HELIO,0.021978123113512993,X2,SHALLOW,0,99,False,False,False,False,False,12,13,12,12,57331.054,57636.218,False,False,False,2.427972703713759,2.3216068707453887,0.0862860589761437,2.4807971397459,0.14821856524341792,-0.09951280726742709,2.15091626218798,2.3991716685169884,1.6298814425039292,2.247457660579789,1.6908042810517376,305.1640000000043,65.01200000000244,14.01600000000326,14.014000000002852,1.7720208440279814
DES-SN5YR,1277971,Ia,Ia,0.20000000298023224,REDSHIFT_HELIO,0.006294820457696915,C3,DEEP,0,98,False,False,False,False,False,12,26,23,25,57249.401,57426.118,False,False,False,2.3377387160159278,1.7870466375535017,0.42548507950602665,2.422721113953771,0.16630453701245074,-0.15084160809365443,1.6146239381069036,2.3694941507974785,1.7399449351543455,2.406885762495218,1.8371614504081768,176.7170000000042,27.921000000002095,16.845000000001164,15.94600000000355,1.7535569312684105
DES-SN5YR,1338743,CC,II,0.10000000149011612,REDSHIFT_HELIO,0.023777881637215614,X3,DEEP,0,94,False,False,False,False,False,6,8,7,6,57339.073,57408.041,False,False,False,3.0087278814564162,2.9570525110250685,0.03249276971301902,3.058577858398248,-0.07715493089482243,-0.14804796065793707,2.939106391654098,3.103803720955957,2.55657174611342,3.0514122590738233,2.5918787195286987,68.96800000000076,47.97300000000541,45.96700000000419,48.01800000000367,2.592033070014573
DES-SN5YR,1280240,Ia,Ia,0.05998999997973442,REDSHIFT_HELIO,0.010642281733453274,C2,SHALLOW,0,110,False,False,False,False,False,26,27,28,26,57252.289,57426.15,False,False,False,3.5205490322480277,3.1435475366791534,0.09175025049897938,3.5036817487720704,-0.5071386402063284,0.029140064935299224,2.9102691545981023,3.7209279283358483,3.042438437259048,3.49734520330604,3.0018629076986505,173.86100000000442,3.996000000006461,3.9940000000060536,5.022000000004482,3.215798265628222
DES-SN5YR,1317666,Ia,Ia,0.14226999878883362,REDSHIFT_HELIO,0.022805597633123398,X3,DEEP,0,85,False,False,False,False,False,15,17,19,16,57283.189,57406.1,False,False,False,2.718767338799297,2.5133363820887755,0.29377120943759333,2.7976068023114036,-0.2792129968986321,-0.2578263050060468,2.2733288114775627,2.898346652719929,2.1653850279836626,2.7773760604529363,2.2798637434979137,122.91100000000006,14.107000000003609,14.084999999999127,22.103000000002794,2.4093725789069937
DES-SN5YR,1286398,Ia,Ia,0.151419997215271,REDSHIFT_HELIO,0.023382646963000298,X3,DEEP,0,91,False,False,False,False,False,15,17,15,13,57257.323,57400.116,False,False,False,2.5863622095664285,2.1506132435957697,-0.21880916983111456,2.7433058887114563,0.13685609077840352,-0.34386237286921983,2.105278957644208,2.7658919673413025,2.0599917722612227,2.7241791590149926,2.2221630381593247,142.79300000000512,7.917000000001281,16.019000000000233,20.894000000000233,2.1600263288533115
DES-SN5YR,1335490,CC,Ibc,0.2092600017786026,REDSHIFT_HELIO,0.004944380838423967,E2,SHALLOW,0,109,False,False,False,False,False,5,11,10,11,57329.028,57403.052,False,False,False,1.987044748069352,1.689921241816301,0.9896299524472514,2.062581984228163,0.27565547383905586,-0.10506941472105168,1.4557247464129608,1.9600853153490736,1.3345318074320036,1.912381496486349,1.4583424753693055,74.02400000000489,27.09900000000198,18.052999999999884,18.050999999999476,1.4331365808421594
DES-SN5YR,1342255,Ia,Ia,0.219760000705719,REDSHIFT_HELIO,0.024113928899168968,S2,SHALLOW,0,86,False,False,False,False,False,6,5,5,5,57372.1,57428.056,False,False,False,2.467622916867612,2.617358318888176,0.017936232597995413,2.6620396990369595,-0.21095876606224012,-0.5268823192599071,2.511834799054725,2.7477379756440365,1.9758517629183447,2.6102810433266224,2.180165527844044,55.95599999999831,12.971000000005006,17.01299999999901,17.010999999998603,2.2723008842451295
DES-SN5YR,1344274,Ia,Ia,0.1599999964237213,REDSHIFT_HELIO,0.029412908479571342,S2,SHALLOW,0,93,False,False,False,False,False,5,5,5,4,57385.064,57657.386,False,False,False,2.8866035211699197,2.9724949892079535,-0.014321897906132565,3.0600931930572206,-0.20610661208319198,-0.42028224918056256,3.0075975825764507,3.149496240980727,1.9593627241127045,3.053429589745679,2.620601620558499,272.3220000000001,11.039000000004307,18.0370000000039,18.035000000003492,2.706070348507126
DES-SN5YR,1303883,Ia,Ia,0.2599300146102905,REDSHIFT_HELIO,0.010010464116930962,E2,SHALLOW,0,105,False,False,False,False,False,12,21,19,20,57248.375,57403.047,False,False,False,2.354166082685957,2.1236315603027442,0.30198511646651544,2.517512580134783,-0.09259768115242802,-0.3951417562740159,2.049395707664843,2.5775607271942174,1.8210006751709695,2.4779774028815393,2.0059192235625156,154.67199999999866,41.69499999999971,42.70799999999872,34.75600000000122,2.069584547545966
DES-SN5YR,1336619,CC,II,0.1872899979352951,REDSHIFT_HELIO,0.019595244899392128,X3,DEEP,0,92,False,False,False,False,False,9,11,9,7,57305.292,57614.353,False,False,False,2.089763851258048,1.9740697636362983,-0.4248971927311284,2.135259877160777,0.0682479718995941,-0.15865918147109687,2.0110269378744436,2.111228906441364,1.124272509144394,1.5289166414598292,1.0038417471981498,309.0610000000015,39.86999999999534,59.78899999999703,70.80500000000029,1.5671640045043895
DES-SN5YR,1334645,Ia,Ia,0.24799999594688416,REDSHIFT_HELIO,0.024309612810611725,X2,SHALLOW,0,98,False,False,False,False,False,10,12,14,10,57286.233,57403.066,False,False,False,2.401452237324843,2.2783404526403617,0.1827507346617675,2.5576756113241377,-0.1565307627157088,-0.38834161192758626,2.1870266324302863,2.5990092531703883,1.8556052673674894,2.5245947422375923,2.0465392887581815,116.83299999999872,44.82800000000134,52.919999999998254,52.917999999997846,2.1306559385453725
DES-SN5YR,1334597,Ia,Ia,0.28999999165534973,REDSHIFT_HELIO,0.020987706258893013,X3,DEEP,0,90,False,False,False,False,False,10,10,9,8,57327.182,57408.041,False,False,False,2.2663963448824416,2.0961825758351083,0.06044069414443029,2.4792585224260146,0.1314292707888353,-0.574451326861117,1.9928202803510662,2.4637288135209907,1.6891637082613173,2.388491980257145,1.9253511476805731,80.85899999999674,11.890999999995984,17.95300000000134,12.002999999996973,1.9344701789036927
DES-SN5YR,1337649,Ia,Ia,0.2623800039291382,REDSHIFT_HELIO,0.07615142315626144,S1,SHALLOW,0,103,False,False,False,False,False,7,8,8,8,57345.24,57408.057,False,False,False,2.252100254766473,2.218432758259616,0.3298262713162754,2.49284416425369,-0.042008716665667974,-0.4949894267885381,2.044133610948892,2.484128942719564,1.6817024642708547,2.4110082287810153,1.92966691430023,62.817000000002736,19.88799999999901,19.885000000002037,19.88300000000163,1.989468720949264
DES-SN5YR,1249851,Ia,Ia,0.2155199944972992,REDSHIFT_HELIO,0.011969412676990032,C2,SHALLOW,0,105,False,False,False,False,False,18,18,16,11,56536.218,56685.171,False,False,False,2.4678447998707953,2.199336854241592,0.05215076618490192,2.6381297066624567,-0.1912692578696146,-0.3787855459081458,2.1102519769337427,2.689601830523534,1.8707932497261224,2.601420037238031,2.0821019702184036,148.95300000000134,15.00499999999738,15.002999999996973,15.0,2.1946368905829914
DES-SN5YR,1263715,Ia,Ia,0.2927899956703186,REDSHIFT_HELIO,0.03246398642659187,S2,SHALLOW,0,96,False,False,False,False,False,8,8,8,7,56649.118,56694.036,False,False,False,2.2191652202300487,2.21757342576823,0.13693405592954166,2.45504292151631,0.05846699070337846,-0.48835582131033345,2.0732957600810202,2.419410496287422,1.6633975999611146,2.382564529498089,1.866462660591011,44.917999999997846,10.935999999994237,17.974999999998545,25.926999999996042,1.8535711247118551
DES-SN5YR,1251622,CC,II,0.09589999914169312,REDSHIFT_HELIO,0.02292916551232338,X3,DEEP,0,82,False,False,False,False,False,17,18,20,21,56545.211,56890.366,False,False,False,2.441930664968667,2.2177799514592054,0.08529820615728413,2.4944329157073284,0.23199773504579502,-0.12931713054867766,2.0570150945778507,2.403120521175818,1.8479814555441565,2.461930525019734,2.0106308190475946,345.15499999999884,62.92299999999523,57.0399999999936,23.060999999994237,1.9415127067832263
DES-SN5YR,1264419,CC,Ibc,0.07000000029802322,REDSHIFT_HELIO,0.023816749453544617,X3,DEEP,0,64,False,False,False,False,False,6,8,6,18,56627.073,56966.154,False,False,True,5.548488919754905,2.6661999829086316,-0.04002385533150951,3.107447392965644,-0.09002846840117443,5.0,2.7790842229382577,3.1386184338994925,4.908389797780993,3.100840759647228,2.6950730262524694,339.0810000000056,289.19600000000355,57.96800000000076,57.99000000000524,2.707362629656054
DES-SN5YR,1250017,Ia,Ia,0.18298999965190887,REDSHIFT_HELIO,0.04870041832327843,S1,SHALLOW,0,106,False,False,False,False,False,16,25,19,19,56536.241,56690.07,False,False,False,2.580582890739889,2.371114506924962,0.05816124416023283,2.753100237442653,-0.2815562694756025,-0.449958709323774,2.35500996370064,2.8793998534112193,2.0234429771356015,2.7353177906679353,2.258954597411543,153.8289999999979,14.995999999999185,14.993999999998778,14.99199999999837,2.3713704656621495
DES-SN5YR,1252955,CC,II,0.22300000488758087,REDSHIFT_HELIO,0.010806465521454811,C2,SHALLOW,0,103,False,False,False,False,False,11,17,20,18,56563.178,56698.051,False,False,False,2.333185198206551,2.081697745026358,-0.10448933089733203,2.39010456166625,0.041657274686585165,-0.1975954523084476,2.1114473488901426,2.3964608808680103,1.7793202938038502,2.3335520530608007,1.8759240033058526,134.8729999999996,12.006999999997788,12.004000000000815,12.002000000000407,1.8749791693722504
DES-SN5YR,1257366,Ia,Ia,0.21182000637054443,REDSHIFT_HELIO,0.009847506880760193,C1,SHALLOW,0,107,False,False,False,False,False,10,16,16,13,56551.247,56686.125,False,False,False,2.4422131316572155,2.127512566257642,0.26223391483895914,2.5089066156135202,-0.07396391077394249,-0.3760352688471995,2.067687819111593,2.5438694597906255,1.8432871182198503,2.4680843085109947,2.0072061893428788,134.87799999999697,55.81499999999505,55.812999999994645,63.85099999999511,2.053214935788823
DES-SN5YR,1248907,Ia,Ia,0.17139999568462372,REDSHIFT_HELIO,0.0054635098204016685,E1,SHALLOW,0,105,False,False,False,False,False,23,23,21,18,56534.154,56690.053,False,False,False,2.7707121297751742,2.5486308352255573,-0.06399974875837613,2.9152678909664114,-0.23692919695186815,-0.38020069074390395,2.460960164250407,3.0114435413677594,2.2581271045982008,2.896420936877154,2.408731358784137,155.8989999999976,12.932999999997264,17.110000000000582,12.92899999999645,2.534737090393234
DES-SN5YR,1262128,Ia,Ia,0.11365000158548355,REDSHIFT_HELIO,0.007882943376898766,C2,SHALLOW,0,92,False,False,False,False,False,10,10,10,10,56645.064,56698.054,False,False,False,2.8476096697932007,2.6707272064750454,0.08059639274974237,2.906415871472776,-0.22886045434001273,-0.15131021563650682,2.554159900065786,3.0009977250685127,2.2933960093004497,2.845259334963109,2.3664333667304076,52.98999999999796,8.10399999999936,8.101000000002387,8.099000000001979,2.4898965564205784
DES-SN5YR,1265935,CC,Ibc,0.18136000633239746,REDSHIFT_HELIO,0.007821885868906975,C3,DEEP,0,98,False,False,False,False,False,4,4,7,5,56675.128,56949.35,False,False,False,2.0595255619835178,2.0635810304128146,-0.020038110734743,2.1508791706687336,0.0748738052405808,-0.2045715220676581,2.072755235673294,2.0891983775979956,1.5662200589865654,2.118119141558996,1.7492336730560925,274.2220000000016,19.91700000000128,21.96100000000297,12.02900000000227,0.9992023472105651
DES-SN5YR,1248844,CC,II,0.06650000065565109,REDSHIFT_HELIO,0.009058959782123566,C3,DEEP,0,93,False,False,False,False,False,21,19,27,26,56536.254,56697.09,False,False,False,3.1809569583239177,2.820686696039941,-0.25113922847391956,3.2341628132068285,0.07947203517414686,-0.06158284204338783,2.6603607637033186,3.217404961547213,2.6355134940082015,3.1989840513375434,2.6843120994446776,160.8359999999957,2.0270000000018626,2.0869999999995343,8.99699999999575,2.672949600771327
DES-SN5YR,1271446,CC,Ic,0.06989999860525131,REDSHIFT_HELIO,0.008545654825866222,C3,DEEP,0,98,False,False,False,False,False,6,8,8,8,56656.062,56933.172,False,False,False,3.4207476628178233,3.1049974588669693,0.774544796150145,3.3791423043623574,0.045809349038207464,0.17240724584397465,2.8505778306705185,3.392485917308584,2.9351911012752523,3.374686972050063,2.911323822629001,277.1100000000006,11.985000000000582,19.11300000000483,12.11699999999837,2.9380521217627873
DES-SN5YR,1253920,Ia,Ia,0.19598999619483948,REDSHIFT_HELIO,0.009120120666921139,C1,SHALLOW,0,113,False,False,False,False,False,13,19,17,15,56567.219,56693.037,False,False,False,2.5557713688066657,2.2767694837190042,-0.038267043996064065,2.672568867167599,-0.2073192524488747,-0.42025006039237767,2.279534977647947,2.7595620794829494,2.0110728209165947,2.645607945193515,2.1874822759310675,125.8179999999993,11.969000000004598,23.12600000000384,23.124000000003434,2.264586688334751
DES-SN5YR,1251839,CC,Ic,0.05982000008225441,REDSHIFT_HELIO,0.00839901901781559,C1,SHALLOW,0,112,False,False,False,False,False,20,22,18,21,56551.245,56682.084,False,False,False,3.0383021527838627,2.6797693791233628,0.49207153398687664,3.1386184338994925,-0.12403265740795137,-0.20405048983068835,2.451805387664244,3.190387718873526,2.513343413529672,3.1117043154145216,2.6253930412661113,130.83899999999994,15.980999999999767,15.97899999999936,15.976999999998952,2.649775291425793
DES-SN5YR,1257695,Ia,Ia,0.1847199946641922,REDSHIFT_HELIO,0.005625742021948099,E1,SHALLOW,0,101,False,False,False,False,False,12,14,15,13,56594.026,56697.056,False,False,False,2.6442021840152914,2.439055780349076,-0.11390830468836254,2.750469832886023,-0.17798445322721176,-0.3512089167932989,2.426030073025571,2.8670960839866235,2.0822244144286595,2.7193080893749326,2.264330343572868,103.02999999999884,15.02100000000064,15.018000000003667,21.05800000000454,2.3586089961248935
DES-SN5YR,1255502,Ia,Ia,0.14914999902248383,REDSHIFT_HELIO,0.018529841676354408,X1,SHALLOW,0,104,False,False,False,False,False,14,18,18,18,56538.385,56698.036,False,False,False,2.8588618815411655,2.5866992454325732,-0.009615278709499112,3.004106323279658,-0.19367807980965293,-0.4475803156677922,2.546898555913986,3.1386184338994925,2.2924955546388452,2.9758181355575393,2.488357051642862,159.65099999999802,52.699000000000524,56.7019999999975,52.69399999999587,2.578141952152286
